Epoch,Optimizer,Error
0,ADAM,8.447508780915374
1,ADAM,8.750934005776141
2,ADAM,8.65144418030777
3,ADAM,8.287508365907472
4,ADAM,8.100118226885924
5,ADAM,8.42838622515694
6,ADAM,8.20363375384495
7,ADAM,7.942572362127146
8,ADAM,8.43391665392642
9,ADAM,8.22579807311169
10,ADAM,8.176032918089138
11,ADAM,7.841597704581407
12,ADAM,7.827568005486695
13,ADAM,7.384186079830127
14,ADAM,7.667509940015226
15,ADAM,7.751606465686017
16,ADAM,6.9111699862462155
17,ADAM,7.335339826671036
18,ADAM,7.464171639264073
19,ADAM,7.148896193535528
20,ADAM,7.074891540928877
21,ADAM,7.1000402710908315
22,ADAM,6.717479175069601
23,ADAM,7.280556009143586
24,ADAM,7.02649220827195
25,ADAM,6.699450040962505
26,ADAM,7.202269715184859
27,ADAM,7.109367661240285
28,ADAM,6.654643796321306
29,ADAM,6.738773964604098
30,ADAM,6.803413155790121
31,ADAM,6.631021585699066
32,ADAM,6.697866328504083
33,ADAM,6.460757679703869
34,ADAM,6.348386836896018
35,ADAM,6.591500191503002
36,ADAM,6.4298188302464165
37,ADAM,6.342873613823283
38,ADAM,6.500454254673507
39,ADAM,6.4130828046236354
40,ADAM,6.232625792604156
41,ADAM,6.6398669849097685
42,ADAM,6.18251106291638
43,ADAM,6.8086609670806135
44,ADAM,6.602748924142787
45,ADAM,6.2086115079332185
46,ADAM,6.654652252979817
47,ADAM,6.415784151105529
48,ADAM,6.0525576744999166
49,ADAM,6.396912971874553
50,ADAM,6.503935972604153
51,ADAM,6.1375875760197305
52,ADAM,6.38585583040511
53,ADAM,6.4100031529130135
54,ADAM,6.112969503242651
55,ADAM,6.243701647615872
56,ADAM,6.065844618491163
57,ADAM,6.105584683838872
58,ADAM,5.978328559305212
59,ADAM,5.993596291106824
60,ADAM,6.231848294291365
61,ADAM,5.849422856522813
62,ADAM,5.829330157860688
63,ADAM,6.245175691005763
64,ADAM,5.812289801373167
65,ADAM,5.77715894366902
66,ADAM,5.861849770342233
67,ADAM,5.689098232739927
68,ADAM,5.755287041710478
69,ADAM,5.655182711315669
70,ADAM,5.543783557049742
71,ADAM,5.665957125197488
72,ADAM,5.92449367792353
73,ADAM,6.0059681508913405
74,ADAM,5.5629853443379496
75,ADAM,6.008854800507314
76,ADAM,5.590141233381995
77,ADAM,5.847785305223907
78,ADAM,5.832398819117281
79,ADAM,5.668297626327773
80,ADAM,5.603959347873705
81,ADAM,5.622548533373052
82,ADAM,5.652717754972679
83,ADAM,5.903948219051475
84,ADAM,5.748050658755099
85,ADAM,5.957208835866522
86,ADAM,5.586560685909196
87,ADAM,5.625082749322306
88,ADAM,5.555058306258563
89,ADAM,5.557809325706991
90,ADAM,5.604507075374811
91,ADAM,5.6207367706489935
92,ADAM,5.531484501230973
93,ADAM,5.492741687233323
94,ADAM,5.532334387658264
95,ADAM,5.500117071418461
96,ADAM,5.552212611702085
97,ADAM,5.588644524311945
98,ADAM,5.487147147609488
99,ADAM,5.53464215839243
100,ADAM,5.459728932622099
101,ADAM,5.651140511663501
102,ADAM,5.455485643411575
103,ADAM,5.686443762680324
104,ADAM,5.57444767093542
105,ADAM,5.704146461926511
106,ADAM,5.496398185999633
107,ADAM,5.460606538456723
108,ADAM,5.650428132441092
109,ADAM,5.452903008583895
110,ADAM,5.479406314525436
111,ADAM,5.515299027465006
112,ADAM,5.5382675241325074
113,ADAM,5.498724560998362
114,ADAM,5.394100371674497
115,ADAM,5.449580668954275
116,ADAM,5.650864690470599
117,ADAM,5.6431091366854105
118,ADAM,5.552193363214377
119,ADAM,5.547987123974059
120,ADAM,5.430339015786493
121,ADAM,5.62124241657829
122,ADAM,5.561986119119028
123,ADAM,5.39936017411539
124,ADAM,5.517533998201476
125,ADAM,5.404643627946176
126,ADAM,5.402880460574879
127,ADAM,5.695313065765367
128,ADAM,5.384182167921699
129,ADAM,5.509478630211951
130,ADAM,5.398003599498146
131,ADAM,5.487509834674378
132,ADAM,5.530764283736152
133,ADAM,5.386357416829093
134,ADAM,5.3845212044772
135,ADAM,5.390702543874988
136,ADAM,5.602165967943096
137,ADAM,5.646064141880374
138,ADAM,5.404902612212751
139,ADAM,5.363609363552115
140,ADAM,5.4384302795556945
141,ADAM,5.388594817671729
142,ADAM,5.347384581872969
143,ADAM,5.473290966260332
144,ADAM,5.327605038196943
145,ADAM,5.34771794815039
146,ADAM,5.309479067871629
147,ADAM,5.299804458991667
148,ADAM,5.348770510483461
149,ADAM,5.313546083227032
150,ADAM,5.363779855377457
151,ADAM,5.409729709341862
152,ADAM,5.418381804329169
153,ADAM,5.509176348086034
154,ADAM,6.3417205977468205
155,ADAM,5.396075036534884
156,ADAM,5.58834199260959
157,ADAM,5.394554853717294
158,ADAM,5.504210579252798
159,ADAM,5.2920355612318355
160,ADAM,5.318512968244641
161,ADAM,5.261673993128631
162,ADAM,5.2171754147401925
163,ADAM,5.199289719043694
164,ADAM,5.2924618258467975
165,ADAM,5.527914779827214
166,ADAM,5.376840447553469
167,ADAM,5.358263595485779
168,ADAM,5.2446149796769355
169,ADAM,5.2974196130415905
170,ADAM,5.631164604104957
171,ADAM,5.228920123230237
172,ADAM,5.257738006212629
173,ADAM,5.383270359818657
174,ADAM,5.382324055751745
175,ADAM,5.28551278253284
176,ADAM,5.259295143739744
177,ADAM,5.517940241861897
178,ADAM,5.291352628219125
179,ADAM,5.1806683481066385
180,ADAM,5.282405255444827
181,ADAM,5.242631450684545
182,ADAM,5.231487944581201
183,ADAM,5.205691780386565
184,ADAM,5.101397968314378
185,ADAM,5.21669092401993
186,ADAM,5.2761004138414505
187,ADAM,5.217124274038473
188,ADAM,5.289059500578265
189,ADAM,5.306415872707863
190,ADAM,5.301737869728947
191,ADAM,5.357697592275402
192,ADAM,5.261403472060554
193,ADAM,5.255287642826256
194,ADAM,5.303016745211466
195,ADAM,5.081752904366834
196,ADAM,5.1919848509114725
197,ADAM,5.364691666640369
198,ADAM,5.181034669594308
199,ADAM,5.233959618515609
200,ADAM,5.117488626265914
201,ADAM,5.380172813651968
202,ADAM,5.552794454491901
203,ADAM,5.864082635223616
204,ADAM,5.1286324666354925
205,ADAM,5.293090165346443
206,ADAM,5.134473647784273
207,ADAM,5.640006185585183
208,ADAM,4.988384179643273
209,ADAM,5.124852596636639
210,ADAM,5.10216536842301
211,ADAM,5.1443073167639115
212,ADAM,4.998730790396103
213,ADAM,4.985007172984991
214,ADAM,4.961139902433495
215,ADAM,4.893379882130743
216,ADAM,5.03673477301146
217,ADAM,4.907128195487299
218,ADAM,4.991424948234739
219,ADAM,4.914301621845913
220,ADAM,5.037769631597064
221,ADAM,4.999870386470736
222,ADAM,5.311330741277529
223,ADAM,5.169599889067356
224,ADAM,5.027906160124001
225,ADAM,5.0101344942004005
226,ADAM,5.20384321819932
227,ADAM,5.066423125476681
228,ADAM,5.081316945647971
229,ADAM,4.88263887230495
230,ADAM,4.950153266553759
231,ADAM,5.279638111120952
232,ADAM,4.873948133542414
233,ADAM,5.257251273668595
234,ADAM,5.044856692890234
235,ADAM,4.919234272629537
236,ADAM,5.019793911483223
237,ADAM,5.099962825601252
238,ADAM,5.1527067000462905
239,ADAM,4.985253067379402
240,ADAM,4.876951952596093
241,ADAM,5.076081889289381
242,ADAM,4.803264884625197
243,ADAM,4.875124447741166
244,ADAM,4.837251437853019
245,ADAM,5.206628389450921
246,ADAM,4.876918672074614
247,ADAM,4.969290469381578
248,ADAM,4.870719177207997
249,ADAM,4.81049757054528
250,ADAM,5.406472650953272
251,ADAM,5.183214108188623
252,ADAM,4.984544978589165
253,ADAM,4.880615854697222
254,ADAM,4.864583843596338
255,ADAM,4.829727912170622
256,ADAM,4.786140815191774
257,ADAM,4.857220897584181
258,ADAM,5.048544563027122
259,ADAM,4.897969182669116
260,ADAM,4.7614180130126105
261,ADAM,4.978839841057242
262,ADAM,4.9993952940111175
263,ADAM,4.815343289528785
264,ADAM,4.9368778362654515
265,ADAM,5.44464121054303
266,ADAM,5.232865636436203
267,ADAM,4.952461129182209
268,ADAM,5.145185271886738
269,ADAM,5.689818662736443
270,ADAM,5.040124407920655
271,ADAM,5.226111374463198
272,ADAM,5.495507399136881
273,ADAM,4.794330054642943
274,ADAM,4.924807366189002
275,ADAM,4.870507937846373
276,ADAM,4.7761718777943845
277,ADAM,4.922219710545615
278,ADAM,4.680492001001225
279,ADAM,4.761840025450545
280,ADAM,4.64115916188957
281,ADAM,4.821763807761447
282,ADAM,4.777218151940831
283,ADAM,4.977825401241584
284,ADAM,4.9401445980927585
285,ADAM,4.844588667312233
286,ADAM,4.964219961028654
287,ADAM,4.789760121363763
288,ADAM,4.997787838735843
289,ADAM,5.113057113705081
290,ADAM,5.105192430061949
291,ADAM,4.924522959221211
292,ADAM,5.060595758334076
293,ADAM,4.807469539960161
294,ADAM,4.756690769154875
295,ADAM,5.89255573489425
296,ADAM,4.961543597936115
297,ADAM,4.943512886319453
298,ADAM,4.865945963490047
299,ADAM,4.989144991146603
300,ADAM,4.70051186033353
301,ADAM,4.777903219381578
302,ADAM,4.689529586232518
303,ADAM,4.729955749831314
304,ADAM,4.702238052533718
305,ADAM,4.922325090894626
306,ADAM,4.916948668424866
307,ADAM,4.857261191883575
308,ADAM,4.890844382785867
309,ADAM,4.8256991125293585
310,ADAM,4.7434511451107095
311,ADAM,4.6822400952864145
312,ADAM,4.867568175252955
313,ADAM,5.123786115426933
314,ADAM,4.7501782407045345
315,ADAM,4.7072451480832935
316,ADAM,4.7369703250457
317,ADAM,5.189545072757237
318,ADAM,5.373968167256877
319,ADAM,4.776249188790952
320,ADAM,5.018897036377959
321,ADAM,4.677766426742738
322,ADAM,4.849289072100237
323,ADAM,4.989434078572141
324,ADAM,4.697470250862066
325,ADAM,4.71318306755934
326,ADAM,4.710401953311249
327,ADAM,4.750931553946911
328,ADAM,5.032967732102854
329,ADAM,5.0142380550674766
330,ADAM,4.84705789712593
331,ADAM,4.841361025202409
332,ADAM,4.722302610701197
333,ADAM,4.777783377506727
334,ADAM,4.700121201697413
335,ADAM,4.914131751005639
336,ADAM,4.757511629683622
337,ADAM,5.064637235775369
338,ADAM,4.719561395965805
339,ADAM,4.750599021896546
340,ADAM,4.745208627732033
341,ADAM,4.983640489531961
342,ADAM,4.688760713587588
343,ADAM,4.778537145806006
344,ADAM,5.439027925016839
345,ADAM,5.853039416992583
346,ADAM,5.0474032023333075
347,ADAM,4.758433523339792
348,ADAM,4.744157538501492
349,ADAM,4.7824063838223685
350,ADAM,4.920026091289724
351,ADAM,4.849258688822566
352,ADAM,4.796033222785726
353,ADAM,5.335649204779476
354,ADAM,4.817076862372453
355,ADAM,5.194604623231576
356,ADAM,4.862922686666761
357,ADAM,4.755137618584478
358,ADAM,5.215153116037784
359,ADAM,4.784141887611106
360,ADAM,4.7868729215193495
361,ADAM,4.775499541177849
362,ADAM,4.775672651588702
363,ADAM,4.857728906360866
364,ADAM,4.835607264938396
365,ADAM,4.843839605730194
366,ADAM,4.852589252994157
367,ADAM,4.889016864421059
368,ADAM,5.151528810206078
369,ADAM,5.002072965376493
370,ADAM,5.029724579801195
371,ADAM,4.889338542630007
372,ADAM,4.848615705038805
373,ADAM,4.925238767979217
374,ADAM,4.793978961202485
375,ADAM,4.802441744167269
376,ADAM,4.833588352400392
377,ADAM,4.882892771780736
378,ADAM,4.9416734794537245
379,ADAM,4.8715398911502135
380,ADAM,4.824235493091962
381,ADAM,4.81189560470858
382,ADAM,4.793124648252658
383,ADAM,4.7777097090343
384,ADAM,5.1712424383336115
385,ADAM,4.835810841241989
386,ADAM,4.855470377523018
387,ADAM,4.9662016225513375
388,ADAM,4.955682722823152
389,ADAM,4.760832956585609
390,ADAM,4.853685537170285
391,ADAM,4.837551388071065
392,ADAM,4.991813996713317
393,ADAM,5.131012639477409
394,ADAM,4.779030049682461
395,ADAM,4.912304200811846
396,ADAM,4.842684957133692
397,ADAM,4.9039193978475835
398,ADAM,4.994737029837658
399,ADAM,4.913240219650395
400,ADAM,5.95950946407325
401,ADAM,5.255837708869273
402,ADAM,4.968457565122867
403,ADAM,4.996934750775302
404,ADAM,5.00005634334093
405,ADAM,4.966980815498129
406,ADAM,4.801943734860773
407,ADAM,4.821902645444813
408,ADAM,5.097050983168295
409,ADAM,4.885184021347606
410,ADAM,4.895252377255276
411,ADAM,4.876390583362899
412,ADAM,4.906645962141399
413,ADAM,4.873164042223379
414,ADAM,4.953938620908312
415,ADAM,4.919184551743179
416,ADAM,4.963403929533653
417,ADAM,4.955606152460482
418,ADAM,4.887795613415492
419,ADAM,4.876120693648053
420,ADAM,5.0597540620809935
421,ADAM,5.60196478617483
422,ADAM,5.350501720182686
423,ADAM,4.960272722888287
424,ADAM,4.98368480051599
425,ADAM,5.448899681593055
426,ADAM,4.901973863923439
427,ADAM,4.894650129563868
428,ADAM,4.875012712106525
429,ADAM,4.876724128476409
430,ADAM,4.8517861834914155
431,ADAM,4.9112763320434984
432,ADAM,4.894087943741557
433,ADAM,4.933240105422821
434,ADAM,4.961527999756572
435,ADAM,4.873414561291085
436,ADAM,4.8634079362061176
437,ADAM,4.917670256084943
438,ADAM,4.891303887977764
439,ADAM,4.874195336363061
440,ADAM,4.849146044292234
441,ADAM,4.8537831290056435
442,ADAM,4.934221208641059
443,ADAM,4.8378793815269825
444,ADAM,4.834174549393509
445,ADAM,4.951086238998047
446,ADAM,4.859263621798608
447,ADAM,4.884637993574437
448,ADAM,4.866232257210766
449,ADAM,5.004077610115815
450,ADAM,4.965016579896497
451,ADAM,4.905589187402811
452,ADAM,4.8693743111758785
453,ADAM,5.072767939036701
454,ADAM,4.891114640146386
455,ADAM,4.939096270533367
456,ADAM,4.8997016482454265
457,ADAM,4.89586976134468
458,ADAM,4.837505313061976
459,ADAM,4.854799498851597
460,ADAM,4.834439552637454
461,ADAM,4.809465695887505
462,ADAM,4.826914926469452
463,ADAM,4.961745991431031
464,ADAM,4.831215410869978
465,ADAM,4.878317900828597
466,ADAM,4.88045971315335
467,ADAM,4.819925772886763
468,ADAM,4.833158862030621
469,ADAM,4.8978000686270535
470,ADAM,4.932756769409733
471,ADAM,4.820389888641399
472,ADAM,5.002038881160231
473,ADAM,4.877193355311661
474,ADAM,4.816802370679319
475,ADAM,4.9353535174000704
476,ADAM,4.881521015119503
477,ADAM,4.809227298888165
478,ADAM,4.80063224344122
479,ADAM,4.768317205698481
480,ADAM,4.778625185014842
481,ADAM,4.887440496629776
482,ADAM,4.843042411666412
483,ADAM,4.763649269103465
484,ADAM,4.811457596469228
485,ADAM,4.81747846451398
486,ADAM,4.691645086467408
487,ADAM,4.842012260926116
488,ADAM,4.766497470599152
489,ADAM,4.729036086875058
490,ADAM,4.746928761886986
491,ADAM,4.726065019232051
492,ADAM,4.737778349291259
493,ADAM,4.721830551995522
494,ADAM,4.722483855781599
495,ADAM,4.719242279773768
496,ADAM,4.700559292695024
497,ADAM,4.735532146182676
498,ADAM,4.786012949703891
499,ADAM,4.78080192326449
500,ADAM,4.7310915548907415
501,ADAM,5.460838857453542
502,ADAM,4.7989344437229144
503,ADAM,4.727033877397415
504,ADAM,4.808642584700117
505,ADAM,5.927164751097134
506,ADAM,4.975240371139785
507,ADAM,5.848686408134222
508,ADAM,5.342008214511964
509,ADAM,4.975397149773993
510,ADAM,4.735736721942855
511,ADAM,4.745081757974115
512,ADAM,5.093594481548751
513,ADAM,4.677765083883023
514,ADAM,4.697124256726246
515,ADAM,4.7074627411805485
516,ADAM,4.697866037141647
517,ADAM,4.729150989636775
518,ADAM,4.674250481403596
519,ADAM,4.672105828804193
520,ADAM,4.671532231983333
521,ADAM,4.699776604509139
522,ADAM,4.667649293308568
523,ADAM,4.688931417375791
524,ADAM,4.736505743949742
525,ADAM,4.663815952051815
526,ADAM,4.68801563919481
527,ADAM,4.663741171113512
528,ADAM,4.748494984255413
529,ADAM,4.660974973554455
530,ADAM,4.705226735315518
531,ADAM,4.613032294596882
532,ADAM,4.598523633454677
533,ADAM,4.612286762046507
534,ADAM,4.6223084663285565
535,ADAM,4.625543102427507
536,ADAM,4.571412230154139
537,ADAM,4.6041494632243865
538,ADAM,4.582399312184723
539,ADAM,4.609654263062492
540,ADAM,4.589500551758055
541,ADAM,4.578872699081738
542,ADAM,4.614321109021279
543,ADAM,4.600790042548794
544,ADAM,4.601821135686058
545,ADAM,4.612941539450526
546,ADAM,5.11495490935604
547,ADAM,4.767526598692352
548,ADAM,4.760090584224519
549,ADAM,5.702433067138874
550,ADAM,4.623361727684504
551,ADAM,4.569319277272889
552,ADAM,4.873498655765688
553,ADAM,4.5643213504951605
554,ADAM,4.589142779555344
555,ADAM,4.664682809260561
556,ADAM,4.594426970781759
557,ADAM,4.5043817034963585
558,ADAM,4.553611799929954
559,ADAM,4.569960777468142
560,ADAM,4.595515043812026
561,ADAM,4.529690425260356
562,ADAM,4.519745194786248
563,ADAM,4.662274154000504
564,ADAM,4.5169360700954595
565,ADAM,4.573665521515047
566,ADAM,4.59013570069465
567,ADAM,4.523508570661068
568,ADAM,4.511420517920949
569,ADAM,4.523101485413344
570,ADAM,4.450782074070461
571,ADAM,4.492568428856504
572,ADAM,4.5158432942413995
573,ADAM,4.489036109756715
574,ADAM,5.15729933188611
575,ADAM,4.508633640882979
576,ADAM,4.4914196708130865
577,ADAM,4.421591098219997
578,ADAM,4.519780522559781
579,ADAM,4.472563808991029
580,ADAM,4.501548677625414
581,ADAM,4.478355970330574
582,ADAM,4.5915146918030105
583,ADAM,4.452538029968527
584,ADAM,4.609746171571133
585,ADAM,4.493392974343922
586,ADAM,4.389167394638692
587,ADAM,4.40654828765268
588,ADAM,4.407812098687274
589,ADAM,4.399263754095975
590,ADAM,4.40232882803622
591,ADAM,4.381904977168886
592,ADAM,4.435073363322635
593,ADAM,4.51880909725639
594,ADAM,4.4132144633871
595,ADAM,4.319044220656568
596,ADAM,4.449732757426028
597,ADAM,4.356665697614868
598,ADAM,4.385851615881419
599,ADAM,4.375778481476727
600,ADAM,4.391510142827314
601,ADAM,4.690058462324021
602,ADAM,4.439447630589772
603,ADAM,4.350664174092423
604,ADAM,4.67764988054553
605,ADAM,4.490332084036711
606,ADAM,4.40733993099771
607,ADAM,4.586864023362201
608,ADAM,4.5054576136519815
609,ADAM,4.421291190120023
610,ADAM,4.346086440556608
611,ADAM,4.331070066414553
612,ADAM,4.277220893844959
613,ADAM,4.355000619931531
614,ADAM,4.334645498466979
615,ADAM,4.447575020424516
616,ADAM,4.585274260325022
617,ADAM,5.113463011718402
618,ADAM,4.515583140339195
619,ADAM,4.40877791003871
620,ADAM,4.489120241993086
621,ADAM,4.334415102929454
622,ADAM,4.2817953114931715
623,ADAM,4.294827325398472
624,ADAM,4.235203220498702
625,ADAM,4.2343926899336415
626,ADAM,4.243765461269737
627,ADAM,4.332015069773343
628,ADAM,4.264383432012365
629,ADAM,4.241353028902582
630,ADAM,4.2840124568042475
631,ADAM,4.183482784466893
632,ADAM,4.229701765837256
633,ADAM,4.270399533606568
634,ADAM,4.321421463309859
635,ADAM,4.213862753003988
636,ADAM,4.2550956535932425
637,ADAM,4.3232735970225775
638,ADAM,4.197611595743452
639,ADAM,4.195572627410322
640,ADAM,4.260993950817741
641,ADAM,4.111663822397653
642,ADAM,4.556304120505119
643,ADAM,4.40258900254649
644,ADAM,4.1813082685369345
645,ADAM,4.205597090739354
646,ADAM,4.113814988787815
647,ADAM,4.051539844540623
648,ADAM,4.054825830209487
649,ADAM,4.145081171539426
650,ADAM,4.076909900381917
651,ADAM,4.070102804416725
652,ADAM,4.100104999158334
653,ADAM,4.105544743251329
654,ADAM,4.03793933193539
655,ADAM,4.075298790893498
656,ADAM,4.0723245294820485
657,ADAM,4.154265345732655
658,ADAM,4.839088649257103
659,ADAM,4.14740863042002
660,ADAM,5.5707899280595505
661,ADAM,4.603626928008678
662,ADAM,5.1301521938486445
663,ADAM,6.399632862972431
664,ADAM,5.88868977996027
665,ADAM,6.040226628811914
666,ADAM,4.498238913337179
667,ADAM,4.802222497169133
668,ADAM,4.098581825172128
669,ADAM,4.321565079879553
670,ADAM,4.144027632119265
671,ADAM,4.121942523193687
672,ADAM,4.029300573767576
673,ADAM,4.088410090385889
674,ADAM,4.012296103673827
675,ADAM,4.043074024089732
676,ADAM,4.072459871833879
677,ADAM,4.08743621711331
678,ADAM,3.9917370594989783
679,ADAM,4.046523592783449
680,ADAM,4.054352248409264
681,ADAM,4.020213299351761
682,ADAM,4.019520404195539
683,ADAM,4.022951990625889
684,ADAM,4.061004644220805
685,ADAM,4.057128960519895
686,ADAM,3.992175841600722
687,ADAM,4.019426494165844
688,ADAM,4.00659765270414
689,ADAM,3.9941448527242627
690,ADAM,4.571626211072267
691,ADAM,4.434538470377164
692,ADAM,5.638865441188104
693,ADAM,4.027068145574399
694,ADAM,4.704901811228901
695,ADAM,4.082589137454105
696,ADAM,4.043904979561998
697,ADAM,4.216856701422141
698,ADAM,3.946814608013816
699,ADAM,4.010481839479994
700,ADAM,3.9533411899918405
701,ADAM,4.08589360704272
702,ADAM,4.004808154623362
703,ADAM,3.859867696716497
704,ADAM,4.092834686704679
705,ADAM,4.131119275157432
706,ADAM,3.974589791565761
707,ADAM,4.066802217329279
708,ADAM,4.192866078215263
709,ADAM,3.9162603412041137
710,ADAM,4.071073452898337
711,ADAM,3.9482484192510303
712,ADAM,3.9063201478639638
713,ADAM,3.9111343826695126
714,ADAM,4.004307599121249
715,ADAM,4.315141552256728
716,ADAM,4.023116607400861
717,ADAM,3.87910451144543
718,ADAM,4.064114897919079
719,ADAM,4.393750477961637
720,ADAM,3.996709457442873
721,ADAM,3.898945805231284
722,ADAM,4.541953329024709
723,ADAM,6.379386994496878
724,ADAM,4.627265387649854
725,ADAM,4.187015914525381
726,ADAM,4.596338916050057
727,ADAM,4.1872077522983675
728,ADAM,3.911327445771376
729,ADAM,3.8039125575238577
730,ADAM,4.188737756150702
731,ADAM,3.8550503816609383
732,ADAM,3.8116168821273373
733,ADAM,3.86936171800736
734,ADAM,4.288745801252224
735,ADAM,3.7940589802171316
736,ADAM,3.772548169366285
737,ADAM,3.9669831049829454
738,ADAM,3.962562549312293
739,ADAM,3.7966032683337603
740,ADAM,3.8480475634505464
741,ADAM,3.7824485946414916
742,ADAM,3.7773847252199655
743,ADAM,3.7911861164571583
744,ADAM,3.7740532926386368
745,ADAM,3.8655890785902027
746,ADAM,3.770746230063203
747,ADAM,3.789321985188896
748,ADAM,3.7998687575479706
749,ADAM,3.8853862163594375
750,ADAM,3.8161017638645425
751,ADAM,4.020568607688709
752,ADAM,4.053600590922276
753,ADAM,5.184019014372547
754,ADAM,5.500967051353854
755,ADAM,4.10209394278069
756,ADAM,4.619170341921289
757,ADAM,5.569789627282642
758,ADAM,4.802973012513646
759,ADAM,4.170192735103629
760,ADAM,4.442095334181775
761,ADAM,4.1045811240565735
762,ADAM,3.8499937649327447
763,ADAM,3.812781459250411
764,ADAM,4.497455733831823
765,ADAM,3.9901603203197453
766,ADAM,3.9891127917175884
767,ADAM,4.210439628926239
768,ADAM,4.021306825694739
769,ADAM,4.017401617413433
770,ADAM,3.902663245394298
771,ADAM,3.999051382201638
772,ADAM,3.792375015755255
773,ADAM,3.8098387705126084
774,ADAM,3.7940453968025247
775,ADAM,3.8012581507564036
776,ADAM,3.755586811813366
777,ADAM,3.78494701060749
778,ADAM,3.8023242081919095
779,ADAM,3.888078558824055
780,ADAM,3.7949404195512018
781,ADAM,3.923685595073622
782,ADAM,3.839761301412255
783,ADAM,4.419133178385745
784,ADAM,5.282533232310309
785,ADAM,4.097353491603811
786,ADAM,3.9448536239228638
787,ADAM,4.508385938802139
788,ADAM,3.800035266193043
789,ADAM,3.802670972801973
790,ADAM,3.765528230761506
791,ADAM,3.795761575253389
792,ADAM,4.363967776619253
793,ADAM,3.873911262553774
794,ADAM,3.8134626665640345
795,ADAM,3.7869670199513177
796,ADAM,3.7818026623399903
797,ADAM,3.793359138211797
798,ADAM,3.7621023026819427
799,ADAM,3.792079608336286
800,ADAM,3.7669407032548454
801,ADAM,3.7919684103943307
802,ADAM,3.8793354638410738
803,ADAM,3.7846805160640393
804,ADAM,3.7712889953498925
805,ADAM,3.951258448354247
806,ADAM,4.189097574745474
807,ADAM,4.906162229274958
808,ADAM,4.934223805126551
809,ADAM,4.2891577053284164
810,ADAM,4.539878332696991
811,ADAM,7.278935713003361
812,ADAM,4.442057316874776
813,ADAM,4.294694342254636
814,ADAM,4.301369465247013
815,ADAM,6.077390566287901
816,ADAM,8.035567142955726
817,ADAM,7.9725667195494765
818,ADAM,4.591390089699894
819,ADAM,4.174034353944486
820,ADAM,4.139384574198106
821,ADAM,4.172014707989527
822,ADAM,3.8287896883666104
823,ADAM,3.7867712388049646
824,ADAM,3.761823346993337
825,ADAM,3.7543379638278385
826,ADAM,3.7788041649720863
827,ADAM,3.811182589343281
828,ADAM,3.7612286635904977
829,ADAM,3.799187136534835
830,ADAM,3.744002781674365
831,ADAM,3.8049047219561523
832,ADAM,3.783511764187091
833,ADAM,3.789357693337903
834,ADAM,3.759421690369389
835,ADAM,3.7335390071241146
836,ADAM,3.7687721068137874
837,ADAM,3.8630032516560147
838,ADAM,3.7825329825263805
839,ADAM,3.7570790618318277
840,ADAM,3.7864706119717755
841,ADAM,3.789809482213973
842,ADAM,3.7653438357502482
843,ADAM,3.846556698780237
844,ADAM,3.8036594861873927
845,ADAM,3.7991394492093185
846,ADAM,3.797249898718454
847,ADAM,3.7773689935602826
848,ADAM,3.7345304040713643
849,ADAM,3.7855137346444416
850,ADAM,3.9261113418291895
851,ADAM,3.7872082746448235
852,ADAM,3.770143436357031
853,ADAM,3.820439364423356
854,ADAM,3.76698673763375
855,ADAM,3.7915087057217063
856,ADAM,3.9001428350337872
857,ADAM,4.975943776811348
858,ADAM,5.346003119691769
859,ADAM,5.087740172308567
860,ADAM,5.321864114984248
861,ADAM,5.414846540960695
862,ADAM,4.667542817834967
863,ADAM,4.105776587621622
864,ADAM,3.778404551364181
865,ADAM,3.736749630966541
866,ADAM,3.763614615561528
867,ADAM,3.7755391588171423
868,ADAM,3.7541149616552003
869,ADAM,3.7384405139156334
870,ADAM,3.766184210712365
871,ADAM,3.7771137497871647
872,ADAM,3.7614812432758176
873,ADAM,3.7887491612878508
874,ADAM,3.7682508498201828
875,ADAM,3.7698911581535475
876,ADAM,3.756588813632998
877,ADAM,3.768678930341992
878,ADAM,3.7567647970500606
879,ADAM,3.762077935035419
880,ADAM,3.767377876670885
881,ADAM,3.7941185289803925
882,ADAM,4.144058616584349
883,ADAM,3.750820536880793
884,ADAM,3.9802576624626886
885,ADAM,4.324712644931513
886,ADAM,5.829212407109607
887,ADAM,4.674380605630161
888,ADAM,4.050022134777793
889,ADAM,3.9767812957877045
890,ADAM,3.7623214572690444
891,ADAM,7.516105537784132
892,ADAM,6.323615110346571
893,ADAM,3.7450152208615943
894,ADAM,3.748828535110093
895,ADAM,4.140236442743651
896,ADAM,3.766254998136778
897,ADAM,3.8967027433839077
898,ADAM,3.737027868084195
899,ADAM,3.8076996433396326
900,ADAM,3.796330685538567
901,ADAM,3.7840875298731755
902,ADAM,3.7590332319285804
903,ADAM,3.7123714067124074
904,ADAM,3.802648257392439
905,ADAM,3.871006959570085
906,ADAM,3.7778534984536587
907,ADAM,4.939357085577451
908,ADAM,4.657051965539356
909,ADAM,6.691541536939186
910,ADAM,4.414521701514129
911,ADAM,4.225900429597744
912,ADAM,3.765940478476564
913,ADAM,3.752373868900337
914,ADAM,3.7368336095370616
915,ADAM,4.502998102404772
916,ADAM,3.7631848790054754
917,ADAM,3.7673402197620454
918,ADAM,3.973347230253868
919,ADAM,3.729143291224815
920,ADAM,3.799117124713546
921,ADAM,3.762076012199244
922,ADAM,3.7484003198613842
923,ADAM,3.764954017552177
924,ADAM,3.7539952478620893
925,ADAM,3.7223021970613948
926,ADAM,3.7563100898564388
927,ADAM,3.766399435757395
928,ADAM,3.717962489347675
929,ADAM,3.750645325684808
930,ADAM,3.759881195369042
931,ADAM,3.7599371792309064
932,ADAM,3.7923790254634397
933,ADAM,3.7248034222676947
934,ADAM,3.7492579883213204
935,ADAM,3.749013037032117
936,ADAM,4.0106965081072365
937,ADAM,4.045021604786723
938,ADAM,3.8991370744889764
939,ADAM,5.177067172731504
940,ADAM,6.17605255387843
941,ADAM,5.768049124697081
942,ADAM,4.378554134400346
943,ADAM,5.296669673438109
944,ADAM,3.772063964429173
945,ADAM,3.7876588343869555
946,ADAM,3.7998160565834542
947,ADAM,3.812931610742716
948,ADAM,3.869051947981467
949,ADAM,3.746453602027541
950,ADAM,3.759409092789726
951,ADAM,3.76497862008271
952,ADAM,4.0533235586707965
953,ADAM,3.7450703206337272
954,ADAM,3.7756541574868265
955,ADAM,3.7602015467571226
956,ADAM,3.7372943508264305
957,ADAM,3.7418920853272475
958,ADAM,3.754411246869127
959,ADAM,3.772080401297221
960,ADAM,3.726176699584204
961,ADAM,3.778468147277698
962,ADAM,3.773711991264743
963,ADAM,3.745583970585915
964,ADAM,3.7503956187717122
965,ADAM,4.083528281820368
966,ADAM,3.7535258977986037
967,ADAM,3.741673817179074
968,ADAM,3.7654849574489018
969,ADAM,3.7260491660115886
970,ADAM,3.695973201628039
971,ADAM,3.7199549250886883
972,ADAM,3.7487656266040115
973,ADAM,3.735136862490079
974,ADAM,4.156857425315109
975,ADAM,4.059339986541944
976,ADAM,3.896546650946091
977,ADAM,3.7592060245521055
978,ADAM,3.745745082436056
979,ADAM,4.804854431549711
980,ADAM,3.723201874043814
981,ADAM,4.187999515843391
982,ADAM,5.174324166279638
983,ADAM,4.771201727878633
984,ADAM,5.17177402221656
985,ADAM,3.9465596939901286
986,ADAM,3.7201949907612337
987,ADAM,3.8706619804015974
988,ADAM,4.969632137572092
989,ADAM,3.720364373070438
990,ADAM,3.7398482736206353
991,ADAM,3.7550852175879155
992,ADAM,3.7099190796424706
993,ADAM,3.733499966376225
994,ADAM,3.732246309432473
995,ADAM,3.710096794558927
996,ADAM,3.7341811026401786
997,ADAM,3.705016682792266
998,ADAM,3.69726190136187
999,ADAM,3.745899090403302
1000,ADAM,3.721142797201475
1001,ADAM,3.717209049447605
1002,ADAM,3.7614576198053156
1003,ADAM,3.708891673832306
1004,ADAM,3.715054138528069
1005,ADAM,3.950353420325377
1006,ADAM,4.149893386988788
1007,ADAM,5.009879157870485
1008,ADAM,4.252244659350487
1009,ADAM,4.1049742966392655
1010,ADAM,5.080728633387621
1011,ADAM,3.773072566441304
1012,ADAM,5.242473595596126
1013,ADAM,7.865655323314557
1014,ADAM,7.595620533168369
1015,ADAM,4.100511856170796
1016,ADAM,3.993947076974394
1017,ADAM,3.987516810366762
1018,ADAM,3.7724331516978875
1019,ADAM,3.7354621918386224
1020,ADAM,3.6971136222446277
1021,ADAM,3.7046472009400615
1022,ADAM,3.7273780571183406
1023,ADAM,3.70928449479933
1024,ADAM,3.6858810151892496
1025,ADAM,3.726203657021303
1026,ADAM,3.7099742904785393
1027,ADAM,3.721061072294184
1028,ADAM,3.745152750795064
1029,ADAM,3.718994347222873
1030,ADAM,3.717410034283599
1031,ADAM,3.713219141014175
1032,ADAM,3.747294323459848
1033,ADAM,3.6952089032286795
1034,ADAM,3.719061979865651
1035,ADAM,3.729206783955532
1036,ADAM,3.6933248081150802
1037,ADAM,3.686175578638435
1038,ADAM,3.7204198595105233
1039,ADAM,3.7165573779227894
1040,ADAM,3.7264784890437244
1041,ADAM,3.704217276316413
1042,ADAM,3.765469296143495
1043,ADAM,3.7241532512116358
1044,ADAM,3.774312340348867
1045,ADAM,3.684282137454306
1046,ADAM,3.708545605899355
1047,ADAM,3.707054164571286
1048,ADAM,3.732441680602061
1049,ADAM,3.697344191313138
1050,ADAM,3.729618699781005
1051,ADAM,3.6888436815000403
1052,ADAM,4.013085025843952
1053,ADAM,5.38555055996642
1054,ADAM,5.564950782508192
1055,ADAM,6.1035947395953905
1056,ADAM,5.980296212400372
1057,ADAM,4.603263702779195
1058,ADAM,3.7409087179706404
1059,ADAM,3.6756570297298405
1060,ADAM,3.699290333819605
1061,ADAM,3.7435080878414566
1062,ADAM,3.703578266774649
1063,ADAM,3.692831077754861
1064,ADAM,3.709034507350424
1065,ADAM,3.7098717566614643
1066,ADAM,3.6706649427599145
1067,ADAM,3.6856544525684733
1068,ADAM,3.7027543964920793
1069,ADAM,3.6871131133461215
1070,ADAM,3.6777708902449677
1071,ADAM,3.7140079622156947
1072,ADAM,3.9335585135948152
1073,ADAM,3.731681849714157
1074,ADAM,3.724480802636403
1075,ADAM,3.691551746517103
1076,ADAM,3.675240476462615
1077,ADAM,3.679351038828603
1078,ADAM,3.692956671816817
1079,ADAM,3.689567806080288
1080,ADAM,3.6920296339126377
1081,ADAM,3.7306136278716155
1082,ADAM,3.7163892364881157
1083,ADAM,3.7057852901810144
1084,ADAM,3.6648677410847497
1085,ADAM,3.7181721635222242
1086,ADAM,3.6705108062307175
1087,ADAM,3.694686282305232
1088,ADAM,3.71429184818049
1089,ADAM,3.6972442632559184
1090,ADAM,3.691713562652987
1091,ADAM,3.6536970349493005
1092,ADAM,3.6726166174541266
1093,ADAM,3.7349027498603955
1094,ADAM,3.8144659722124805
1095,ADAM,3.6856608307222842
1096,ADAM,3.710943112506294
1097,ADAM,3.8885602971461655
1098,ADAM,5.634310732078181
1099,ADAM,5.94347439546516
1100,ADAM,3.8742915920258065
1101,ADAM,4.190628890306389
1102,ADAM,3.6940149244812424
1103,ADAM,3.66321442402143
1104,ADAM,3.695289491895232
1105,ADAM,3.6680938342445764
1106,ADAM,3.689765453878878
1107,ADAM,3.791637411844275
1108,ADAM,3.7179123300648858
1109,ADAM,3.682615128488617
1110,ADAM,3.6781172595462097
1111,ADAM,3.665985390114152
1112,ADAM,3.7051759382569034
1113,ADAM,3.678803290700382
1114,ADAM,3.737376236508003
1115,ADAM,3.7057107998293892
1116,ADAM,3.7091213234782137
1117,ADAM,3.6747480114792777
1118,ADAM,3.6712285574214287
1119,ADAM,3.6810117505141013
1120,ADAM,3.663997041973861
1121,ADAM,3.68062444933739
1122,ADAM,3.7002315977825253
1123,ADAM,3.6814294981025744
1124,ADAM,3.692684990947007
1125,ADAM,3.6693098565251785
1126,ADAM,3.661934826655752
1127,ADAM,3.7089729445314457
1128,ADAM,3.6724911566678204
1129,ADAM,3.6779360327940176
1130,ADAM,3.683114136868695
1131,ADAM,3.702159224454379
1132,ADAM,4.232519118720022
1133,ADAM,5.518304400345859
1134,ADAM,5.199952471078536
1135,ADAM,4.1807300755356325
1136,ADAM,5.2674632269294905
1137,ADAM,3.788686553564532
1138,ADAM,3.783503570216648
1139,ADAM,3.7031214600376203
1140,ADAM,3.7251086478943845
1141,ADAM,3.7210558973587036
1142,ADAM,4.650243509882607
1143,ADAM,3.9532349255084447
1144,ADAM,4.461165310015827
1145,ADAM,3.705985750118927
1146,ADAM,3.715416025583687
1147,ADAM,3.729726935926483
1148,ADAM,3.7116122835517142
1149,ADAM,3.7510151956752824
1150,ADAM,3.693470628469245
1151,ADAM,3.8771649999204523
1152,ADAM,3.6998746813019547
1153,ADAM,3.6893769136152814
1154,ADAM,3.6467130909784413
1155,ADAM,3.678673133190507
1156,ADAM,3.659301612876826
1157,ADAM,3.6816764514164904
1158,ADAM,3.6673227304733347
1159,ADAM,3.677616030839909
1160,ADAM,3.6595859409434026
1161,ADAM,3.6628323252381576
1162,ADAM,3.6641185573376425
1163,ADAM,3.6605222265728385
1164,ADAM,3.669921799728643
1165,ADAM,3.638444318955631
1166,ADAM,3.6338495792814474
1167,ADAM,3.677361432368811
1168,ADAM,3.6855900317447317
1169,ADAM,3.669415221723229
1170,ADAM,3.6830313574333444
1171,ADAM,3.658868014524417
1172,ADAM,3.690861206174668
1173,ADAM,3.6709086703211353
1174,ADAM,3.689642778548058
1175,ADAM,3.667342252930195
1176,ADAM,3.627879250755867
1177,ADAM,3.676875127549358
1178,ADAM,3.643903961017224
1179,ADAM,3.6100519356805245
1180,ADAM,3.6123684212858396
1181,ADAM,3.6445148749948806
1182,ADAM,4.373875527139812
1183,ADAM,6.0614487227147045
1184,ADAM,5.51830394327729
1185,ADAM,5.637513095970846
1186,ADAM,6.603931559344891
1187,ADAM,5.109544258538828
1188,ADAM,4.262736617838945
1189,ADAM,3.7030085289252965
1190,ADAM,3.636390186823901
1191,ADAM,3.672616508919839
1192,ADAM,3.739178655888847
1193,ADAM,3.6746890653318536
1194,ADAM,3.6401817469623694
1195,ADAM,3.639754081988424
1196,ADAM,3.671489089347306
1197,ADAM,3.708159104618552
1198,ADAM,3.6957284962761188
1199,ADAM,3.674356070319049
1200,ADAM,3.6691570626451395
1201,ADAM,3.6819172816903456
1202,ADAM,3.6766224579901903
1203,ADAM,3.662146858218611
1204,ADAM,3.635409515845919
1205,ADAM,3.6471482545520417
1206,ADAM,3.6277099781245448
1207,ADAM,3.624790235535073
1208,ADAM,3.634408022489437
1209,ADAM,3.628571895716662
1210,ADAM,3.6810865613655284
1211,ADAM,3.6493187548829407
1212,ADAM,3.651163186599085
1213,ADAM,3.7548100661881483
1214,ADAM,4.715940326095237
1215,ADAM,3.9060316446281265
1216,ADAM,3.714126922929386
1217,ADAM,3.716702967608873
1218,ADAM,3.744631633958131
1219,ADAM,3.6720468710609686
1220,ADAM,3.719882975577815
1221,ADAM,3.6841272112058077
1222,ADAM,3.653912184086501
1223,ADAM,3.6238525009866303
1224,ADAM,3.641245289312918
1225,ADAM,3.6455769595079586
1226,ADAM,3.671043528715923
1227,ADAM,3.676129961102026
1228,ADAM,3.622960107836895
1229,ADAM,3.596909832413785
1230,ADAM,3.6160532907449876
1231,ADAM,3.6243644004788487
1232,ADAM,3.6872960794918286
1233,ADAM,3.670659426018073
1234,ADAM,3.611809027480704
1235,ADAM,3.6182756106166067
1236,ADAM,3.5972440121398086
1237,ADAM,3.629056385800802
1238,ADAM,3.613225839119301
1239,ADAM,3.585597210835962
1240,ADAM,3.608564351562813
1241,ADAM,3.6569455613290898
1242,ADAM,3.6550281772965563
1243,ADAM,3.6288672258539663
1244,ADAM,3.636327983228206
1245,ADAM,3.6093249365718245
1246,ADAM,3.677566407789423
1247,ADAM,3.996719378596298
1248,ADAM,4.105875438348818
1249,ADAM,4.68897871573581
1250,ADAM,5.79573346984624
1251,ADAM,5.1965932986881205
1252,ADAM,3.649674844043465
1253,ADAM,3.610806403495892
1254,ADAM,3.633836125856929
1255,ADAM,3.660611529806659
1256,ADAM,3.6917826016325836
1257,ADAM,3.6648304306628026
1258,ADAM,3.65139542165607
1259,ADAM,3.6326331012499673
1260,ADAM,3.65708091388204
1261,ADAM,3.6771827461958027
1262,ADAM,3.6372696847536
1263,ADAM,3.678055858661194
1264,ADAM,3.6424619265467806
1265,ADAM,3.6285301309196245
1266,ADAM,3.637046993426378
1267,ADAM,4.692820349870596
1268,ADAM,4.430040434320953
1269,ADAM,5.282002966097962
1270,ADAM,5.552518991331806
1271,ADAM,5.812973008739961
1272,ADAM,6.8282291482859545
1273,ADAM,4.666528854822075
1274,ADAM,3.672611330114342
1275,ADAM,3.6572114334556427
1276,ADAM,3.6281794885077834
1277,ADAM,3.9805970158776858
1278,ADAM,3.624897810834227
1279,ADAM,3.63166729886124
1280,ADAM,3.6094995908276863
1281,ADAM,3.645466294880067
1282,ADAM,3.6380508673810352
1283,ADAM,3.62441900604583
1284,ADAM,3.6564962027413226
1285,ADAM,3.636973155122195
1286,ADAM,3.6112575254022836
1287,ADAM,3.616409407412889
1288,ADAM,3.619875741366863
1289,ADAM,3.5851453076525908
1290,ADAM,3.5861211754908475
1291,ADAM,3.625698594571065
1292,ADAM,3.6244167501010587
1293,ADAM,3.581636537411889
1294,ADAM,3.6300775356270614
1295,ADAM,3.621432855900535
1296,ADAM,3.5747609791283947
1297,ADAM,3.6145827129962136
1298,ADAM,3.627326896341246
1299,ADAM,3.5891236860559936
1300,ADAM,3.632272642459969
1301,ADAM,3.5916972679574566
1302,ADAM,3.6037379445006597
1303,ADAM,3.576663815092536
1304,ADAM,3.615159609366391
1305,ADAM,3.606738496738979
1306,ADAM,3.5904978548690862
1307,ADAM,3.6361318865353747
1308,ADAM,3.5693653996018733
1309,ADAM,3.594819134840562
1310,ADAM,3.60334213775999
1311,ADAM,3.578790196038121
1312,ADAM,3.5970417265552923
1313,ADAM,3.5978417255708424
1314,ADAM,3.6029402406267907
1315,ADAM,3.5843060501438755
1316,ADAM,3.5999741691314378
1317,ADAM,3.6121847289371396
1318,ADAM,3.5998416255627053
1319,ADAM,3.5764169225509064
1320,ADAM,3.601478660718243
1321,ADAM,3.6226953549165097
1322,ADAM,3.6012736299878454
1323,ADAM,3.6169521977068317
1324,ADAM,5.975189879729554
1325,ADAM,4.816065140214549
1326,ADAM,4.571705149437994
1327,ADAM,3.914257152434594
1328,ADAM,3.788010772145115
1329,ADAM,4.275444170022698
1330,ADAM,3.5636825247209813
1331,ADAM,3.626814327393771
1332,ADAM,3.5936310061906513
1333,ADAM,3.556552433792823
1334,ADAM,3.5523465533528613
1335,ADAM,3.6344214780841058
1336,ADAM,3.5918744607512387
1337,ADAM,3.5577457687099545
1338,ADAM,3.5604369795253628
1339,ADAM,3.564685235970663
1340,ADAM,3.592107921154584
1341,ADAM,3.6073653399621497
1342,ADAM,3.5877872812538967
1343,ADAM,3.5903956119427747
1344,ADAM,3.562889304093721
1345,ADAM,3.579174898864883
1346,ADAM,3.6102155844353194
1347,ADAM,3.5724803301792707
1348,ADAM,3.5819006580264694
1349,ADAM,3.5550513753849815
1350,ADAM,3.5801575627945605
1351,ADAM,3.5638904677158307
1352,ADAM,3.5919059390898527
1353,ADAM,3.609964854505081
1354,ADAM,3.5635660671343183
1355,ADAM,3.5446472469711496
1356,ADAM,3.5868149142389725
1357,ADAM,3.5931992789978247
1358,ADAM,3.575638266661569
1359,ADAM,3.6476197380520037
1360,ADAM,3.65036249261978
1361,ADAM,3.5899463236136184
1362,ADAM,3.6651433286729036
1363,ADAM,3.711242925918525
1364,ADAM,7.064774379800503
1365,ADAM,5.869914338169653
1366,ADAM,5.9306680036460255
1367,ADAM,5.089418736617001
1368,ADAM,3.6155135731317602
1369,ADAM,4.2320348028802
1370,ADAM,4.649231919721891
1371,ADAM,5.02199387987355
1372,ADAM,3.6960665684408487
1373,ADAM,3.581765103422323
1374,ADAM,3.60202929474918
1375,ADAM,3.5729382139441985
1376,ADAM,3.649172521539805
1377,ADAM,3.674180386340186
1378,ADAM,3.6130260480907888
1379,ADAM,3.6389541458305215
1380,ADAM,3.572912469732282
1381,ADAM,3.567795134513433
1382,ADAM,3.555489482499312
1383,ADAM,3.55475147562275
1384,ADAM,3.5716351934049664
1385,ADAM,3.5883996258311446
1386,ADAM,3.5227068430288404
1387,ADAM,3.582429020371709
1388,ADAM,3.573575628865386
1389,ADAM,3.536234299567553
1390,ADAM,3.5563407068740056
1391,ADAM,3.5831725476150376
1392,ADAM,3.5593214083530538
1393,ADAM,3.564421156554389
1394,ADAM,3.562608435361886
1395,ADAM,3.5891272629669726
1396,ADAM,3.5759685837079225
1397,ADAM,3.5661337826772277
1398,ADAM,3.5594908257809617
1399,ADAM,3.5938917599858455
1400,ADAM,3.565115131389802
1401,ADAM,3.5543057436345813
1402,ADAM,3.5652207464846737
1403,ADAM,3.5551625773208984
1404,ADAM,3.5490508672556538
1405,ADAM,3.5441432669098045
1406,ADAM,3.613668829793435
1407,ADAM,3.5947127700710695
1408,ADAM,3.654754012136178
1409,ADAM,3.5644797571482667
1410,ADAM,3.587506289664891
1411,ADAM,3.656600333588866
1412,ADAM,3.6524142739211785
1413,ADAM,3.638748415880736
1414,ADAM,3.6840661450010295
1415,ADAM,3.5089139248983883
1416,ADAM,3.5973192801139664
1417,ADAM,3.5931088924334422
1418,ADAM,3.5649458230458624
1419,ADAM,3.5575984923065223
1420,ADAM,3.553584967440149
1421,ADAM,3.5373521018503946
1422,ADAM,3.5716138498449164
1423,ADAM,3.547770413008374
1424,ADAM,3.5135579318339993
1425,ADAM,3.5496446409488756
1426,ADAM,3.561232098411776
1427,ADAM,3.563001421185346
1428,ADAM,3.5695637999596332
1429,ADAM,3.552302460348517
1430,ADAM,3.5680730456612366
1431,ADAM,3.543908548272742
1432,ADAM,3.6112145324425455
1433,ADAM,3.5399296478131883
1434,ADAM,3.556007253253653
1435,ADAM,3.573790368166024
1436,ADAM,3.623317577109403
1437,ADAM,4.276219433546458
1438,ADAM,8.879729527245397
1439,ADAM,6.542567495954044
1440,ADAM,6.07031955491431
1441,ADAM,8.386699390073554
1442,ADAM,7.046941433968594
1443,ADAM,5.762060084816297
1444,ADAM,6.002703035258638
1445,ADAM,3.6759542175863777
1446,ADAM,5.508581748153184
1447,ADAM,5.387196871797129
1448,ADAM,3.589536850173666
1449,ADAM,3.565410115167699
1450,ADAM,3.6624567099384695
1451,ADAM,3.59049628877501
1452,ADAM,3.597693122869901
1453,ADAM,3.5697622171609997
1454,ADAM,3.5783611199248533
1455,ADAM,3.56183220245625
1456,ADAM,3.559327432293718
1457,ADAM,3.5918084852601586
1458,ADAM,3.5435866507495013
1459,ADAM,3.5453400333442864
1460,ADAM,3.5268512957376124
1461,ADAM,3.499502953916974
1462,ADAM,3.5391750493946543
1463,ADAM,3.577401359777632
1464,ADAM,3.523860663624975
1465,ADAM,3.5058356973242772
1466,ADAM,3.54760654023217
1467,ADAM,3.5566341432158883
1468,ADAM,3.572773779507945
1469,ADAM,3.5251320591902155
1470,ADAM,3.5394759412378214
1471,ADAM,3.5250109772275797
1472,ADAM,3.5509074843621034
1473,ADAM,3.5227146890860475
1474,ADAM,3.5002620222226484
1475,ADAM,3.5613166060693446
1476,ADAM,3.5279421813181258
1477,ADAM,3.5625389059306807
1478,ADAM,3.5478608816843815
1479,ADAM,3.5122702855630936
1480,ADAM,3.5312963524105054
1481,ADAM,3.485512370416921
1482,ADAM,3.532548854191155
1483,ADAM,3.5364573402219768
1484,ADAM,3.5113983919702503
1485,ADAM,3.482884047104337
1486,ADAM,3.5387430698375746
1487,ADAM,3.517527078292781
1488,ADAM,3.5360871692734976
1489,ADAM,3.515740675335663
1490,ADAM,3.53383489863054
1491,ADAM,3.579323029589528
1492,ADAM,3.504374434859389
1493,ADAM,3.491498979550171
1494,ADAM,3.5213557143624397
1495,ADAM,3.5031334385525565
1496,ADAM,3.6235103898248813
1497,ADAM,3.60267658676751
1498,ADAM,3.607426974217341
1499,ADAM,3.5351642086784563
1500,ADAM,4.2609080777988995
1501,ADAM,3.858643711116167
1502,ADAM,3.723368352008688
1503,ADAM,3.534944238179104
1504,ADAM,6.103211218558801
1505,ADAM,5.094229935498571
1506,ADAM,5.7813072704927
1507,ADAM,5.191784020279612
1508,ADAM,7.155471627255825
1509,ADAM,5.231691054766794
1510,ADAM,4.624618843292133
1511,ADAM,3.560800486576
1512,ADAM,3.455086303190453
1513,ADAM,3.522253712246499
1514,ADAM,3.504378930027643
1515,ADAM,3.4978840804650044
1516,ADAM,3.494515946773191
1517,ADAM,3.4891691574930794
1518,ADAM,3.5095782697274784
1519,ADAM,3.494002793153269
1520,ADAM,3.5662589720389555
1521,ADAM,3.483775164987795
1522,ADAM,3.5594072653391624
1523,ADAM,3.523628486258621
1524,ADAM,3.626391321461053
1525,ADAM,3.581289358025007
1526,ADAM,3.5178576718774277
1527,ADAM,3.4827038328520072
1528,ADAM,3.546096981509501
1529,ADAM,3.472054284707885
1530,ADAM,3.477757683258715
1531,ADAM,3.470175943236115
1532,ADAM,3.5860318055856
1533,ADAM,3.485303758799052
1534,ADAM,3.54898655037888
1535,ADAM,3.5103591045500733
1536,ADAM,3.4662067945883086
1537,ADAM,3.589642880138721
1538,ADAM,3.5675348640116225
1539,ADAM,3.516922048914724
1540,ADAM,3.48484974798091
1541,ADAM,3.473200360190074
1542,ADAM,3.4782138173827883
1543,ADAM,3.493560606065899
1544,ADAM,3.4894132683317056
1545,ADAM,3.5246185657406235
1546,ADAM,3.442220632245616
1547,ADAM,3.4674668238921598
1548,ADAM,3.5063423853509543
1549,ADAM,3.4693517603185904
1550,ADAM,3.44027068712184
1551,ADAM,3.485214480165622
1552,ADAM,3.451966833297795
1553,ADAM,3.526134156116799
1554,ADAM,3.4614298580416176
1555,ADAM,3.4572304668932787
1556,ADAM,3.4813415518727533
1557,ADAM,3.4221019978843787
1558,ADAM,3.466350548814852
1559,ADAM,3.477453040541608
1560,ADAM,3.4632940839140023
1561,ADAM,3.438330868662081
1562,ADAM,3.4957386754937225
1563,ADAM,3.5350584116373094
1564,ADAM,3.533944080411341
1565,ADAM,3.4620093640514975
1566,ADAM,3.491317163686205
1567,ADAM,3.4542926042885416
1568,ADAM,3.5280006970006896
1569,ADAM,3.559155131131983
1570,ADAM,3.4238616987061303
1571,ADAM,3.5577961843757757
1572,ADAM,3.4752200041541093
1573,ADAM,6.077945661048459
1574,ADAM,6.258475038148245
1575,ADAM,7.9637223897761515
1576,ADAM,6.318643498297785
1577,ADAM,8.899320226901926
1578,ADAM,7.710292189496987
1579,ADAM,8.110604108727669
1580,ADAM,5.633202999548634
1581,ADAM,3.9377542905778258
1582,ADAM,4.301053359494511
1583,ADAM,3.8476805889015986
1584,ADAM,3.4026215419898884
1585,ADAM,3.438377197073737
1586,ADAM,3.4176452359259026
1587,ADAM,3.4147983472570496
1588,ADAM,3.4819203138683417
1589,ADAM,3.6076591760564454
1590,ADAM,3.544867400185214
1591,ADAM,3.5075116316801043
1592,ADAM,3.4803553942572174
1593,ADAM,3.5126082335897633
1594,ADAM,3.4981096054996947
1595,ADAM,3.4806422407385136
1596,ADAM,3.457247645968568
1597,ADAM,3.5760914807279875
1598,ADAM,3.4821563961213164
1599,ADAM,3.4749911079576754
1600,ADAM,3.49297609051494
1601,ADAM,3.4487241765766745
1602,ADAM,3.4597475135913354
1603,ADAM,3.469686956174632
1604,ADAM,3.431866568944536
1605,ADAM,3.463246592659668
1606,ADAM,3.472495566463122
1607,ADAM,3.4609553049831314
1608,ADAM,3.448165798498436
1609,ADAM,3.4562486743222123
1610,ADAM,3.452697369976604
1611,ADAM,3.4629380520632456
1612,ADAM,3.5004167745836217
1613,ADAM,3.4532345351031637
1614,ADAM,3.4835302180399332
1615,ADAM,3.4811778473515194
1616,ADAM,3.466493461628
1617,ADAM,3.460453302775619
1618,ADAM,3.5008767798599463
1619,ADAM,3.4668362500486354
1620,ADAM,3.492901107155566
1621,ADAM,3.5257807913458867
1622,ADAM,3.4779494576353778
1623,ADAM,3.5046528370756764
1624,ADAM,3.709182593914629
1625,ADAM,3.4729610723138817
1626,ADAM,3.414323021413097
1627,ADAM,3.464221960248836
1628,ADAM,3.4801925474592674
1629,ADAM,3.514037675592398
1630,ADAM,3.492463005931633
1631,ADAM,3.5640569766940393
1632,ADAM,3.5115019723194756
1633,ADAM,3.5204193141908324
1634,ADAM,6.659056525990254
1635,ADAM,3.774036308013828
1636,ADAM,6.051497795304836
1637,ADAM,6.905612208365089
1638,ADAM,6.831101096754315
1639,ADAM,4.759393999200941
1640,ADAM,5.687306763663554
1641,ADAM,4.479470750342422
1642,ADAM,4.961527725948197
1643,ADAM,3.4083733788366355
1644,ADAM,3.3655025705055452
1645,ADAM,3.4326692760647144
1646,ADAM,3.4556899991456675
1647,ADAM,3.4406374646934648
1648,ADAM,3.49934334852409
1649,ADAM,3.4444377859989648
1650,ADAM,3.4421589711363105
1651,ADAM,3.464927835689785
1652,ADAM,3.488395125798062
1653,ADAM,3.448928566725442
1654,ADAM,3.411804621684843
1655,ADAM,3.459360681319081
1656,ADAM,3.460011541302537
1657,ADAM,3.481696473566011
1658,ADAM,3.45805019269731
1659,ADAM,3.4994668314492245
1660,ADAM,3.4706828598490067
1661,ADAM,3.416984088279193
1662,ADAM,3.4384588306567507
1663,ADAM,3.4406901371969645
1664,ADAM,3.4945702089217723
1665,ADAM,3.4570258743717934
1666,ADAM,3.4566523132461424
1667,ADAM,3.4662140819136
1668,ADAM,3.4259794390507046
1669,ADAM,3.4524561953339354
1670,ADAM,3.4554592466624356
1671,ADAM,3.4591979885652213
1672,ADAM,3.4728422533040146
1673,ADAM,3.452463735100075
1674,ADAM,3.484293498562895
1675,ADAM,3.443962631201374
1676,ADAM,3.4352650972389336
1677,ADAM,3.4594492920906097
1678,ADAM,3.4435670447349915
1679,ADAM,3.447089172203879
1680,ADAM,3.4446050815798532
1681,ADAM,3.4712839622125857
1682,ADAM,3.4376442033303714
1683,ADAM,3.4121864282034475
1684,ADAM,3.4327603564730826
1685,ADAM,3.4434362659286113
1686,ADAM,3.431753164516444
1687,ADAM,3.4166867932253577
1688,ADAM,3.4495374374131647
1689,ADAM,3.4652095588046254
1690,ADAM,3.432137531594159
1691,ADAM,3.4167533805991757
1692,ADAM,3.418669671666727
1693,ADAM,3.6113783170250793
1694,ADAM,3.6658714269675614
1695,ADAM,3.4935805360882264
1696,ADAM,3.4739803851719184
1697,ADAM,4.121556165063105
1698,ADAM,3.3930975024705665
1699,ADAM,5.3475725113412125
1700,ADAM,3.4413872613593632
1701,ADAM,3.4932542360545664
1702,ADAM,3.442953846240482
1703,ADAM,3.676587534040341
1704,ADAM,3.667148904189231
1705,ADAM,5.852816720974933
1706,ADAM,6.3846574532708145
1707,ADAM,6.351914030669537
1708,ADAM,5.624568731852208
1709,ADAM,6.3218642879961315
1710,ADAM,4.744786869617937
1711,ADAM,4.809568138334616
1712,ADAM,4.156617424380853
1713,ADAM,3.437102187971035
1714,ADAM,3.541497360352789
1715,ADAM,3.4913875258141553
1716,ADAM,3.4718659153089346
1717,ADAM,3.4728287210181326
1718,ADAM,3.4560825593450026
1719,ADAM,3.46020488434831
1720,ADAM,3.4418291531966605
1721,ADAM,3.4517604944989912
1722,ADAM,3.442622866905325
1723,ADAM,3.4456995389970135
1724,ADAM,3.4655972209839256
1725,ADAM,3.4169864461143398
1726,ADAM,3.4130328426953747
1727,ADAM,3.425796762238852
1728,ADAM,3.425184754038007
1729,ADAM,3.437625145021926
1730,ADAM,3.4100851922643254
1731,ADAM,3.4026132846980306
1732,ADAM,3.376377382124028
1733,ADAM,3.427155589657893
1734,ADAM,3.4240494088518654
1735,ADAM,3.373397351367333
1736,ADAM,3.360493131073831
1737,ADAM,3.3680153685801533
1738,ADAM,3.3976493031383455
1739,ADAM,3.3722690069078247
1740,ADAM,3.3701274111542827
1741,ADAM,3.380565363018871
1742,ADAM,3.3879223547279587
1743,ADAM,3.3952600491523595
1744,ADAM,3.336519002730387
1745,ADAM,3.3753108793275626
1746,ADAM,3.376300666829309
1747,ADAM,3.409374724800953
1748,ADAM,3.3834470928199294
1749,ADAM,3.389775926477784
1750,ADAM,3.4061179016469545
1751,ADAM,3.382573298694135
1752,ADAM,3.358831749019905
1753,ADAM,3.407818396645742
1754,ADAM,3.37598268160862
1755,ADAM,3.3450292474165715
1756,ADAM,3.335757655812691
1757,ADAM,3.3376072912353543
1758,ADAM,3.377849206314035
1759,ADAM,3.4168268265230632
1760,ADAM,3.408139506071522
1761,ADAM,3.3626864620640085
1762,ADAM,3.6840316935692403
1763,ADAM,3.3346556762496053
1764,ADAM,3.4256490881616855
1765,ADAM,3.520342150770754
1766,ADAM,3.405492423974721
1767,ADAM,3.3171309890293377
1768,ADAM,3.323578613551277
1769,ADAM,3.3736193028438866
1770,ADAM,3.3722716066453695
1771,ADAM,3.3308311993157402
1772,ADAM,3.4907180427550872
1773,ADAM,3.3786568913078834
1774,ADAM,3.5253091518393536
1775,ADAM,4.193819062079309
1776,ADAM,5.770452525704567
1777,ADAM,5.8402932352160635
1778,ADAM,6.27821375116738
1779,ADAM,8.63063533186443
1780,ADAM,4.289528569078118
1781,ADAM,9.107900226964867
1782,ADAM,3.789483666061148
1783,ADAM,5.5635645303440295
1784,ADAM,3.9807272673154057
1785,ADAM,5.089119144164542
1786,ADAM,3.5848382010573703
1787,ADAM,3.475943379426403
1788,ADAM,3.3874058042949766
1789,ADAM,3.3790145053138625
1790,ADAM,3.3623777827426737
1791,ADAM,3.381462427492881
1792,ADAM,3.41011617167179
1793,ADAM,3.380390244634677
1794,ADAM,3.3643647365079934
1795,ADAM,3.3518070429840967
1796,ADAM,3.345811895967332
1797,ADAM,3.343827528921474
1798,ADAM,3.3898100619693357
1799,ADAM,3.3600783031477963
1800,ADAM,3.3556812201568316
1801,ADAM,3.379866480179717
1802,ADAM,3.375004677299976
1803,ADAM,3.3689355250402095
1804,ADAM,3.3624681336092244
1805,ADAM,3.366836939993313
1806,ADAM,3.3244777050457173
1807,ADAM,3.3741948816596246
1808,ADAM,3.3708841184950216
1809,ADAM,3.3445034092370256
1810,ADAM,3.3281412066558813
1811,ADAM,3.3453563393315586
1812,ADAM,3.315316910135236
1813,ADAM,3.328945403022944
1814,ADAM,3.361190898563837
1815,ADAM,3.3593692204425176
1816,ADAM,3.31732830535672
1817,ADAM,3.3467318350325153
1818,ADAM,3.336300483786957
1819,ADAM,3.340025298386666
1820,ADAM,3.3422848728645436
1821,ADAM,3.343563699353763
1822,ADAM,3.373470516535849
1823,ADAM,3.343001134459314
1824,ADAM,3.3112374299668574
1825,ADAM,3.3120580714787535
1826,ADAM,3.3312194849554224
1827,ADAM,3.328343432159131
1828,ADAM,3.3134860485968605
1829,ADAM,3.317772436759619
1830,ADAM,3.4294164431492122
1831,ADAM,3.3921855689431117
1832,ADAM,4.067109794696077
1833,ADAM,3.5510533488152523
1834,ADAM,3.3155587301718485
1835,ADAM,3.345659241159989
1836,ADAM,3.3062999618647444
1837,ADAM,3.912253269420067
1838,ADAM,3.4382186630230507
1839,ADAM,4.067613635204025
1840,ADAM,3.763842425422699
1841,ADAM,3.674062387147229
1842,ADAM,3.4315778333054934
1843,ADAM,5.140898075370938
1844,ADAM,7.085660279394134
1845,ADAM,6.3435370560956725
1846,ADAM,6.512347643973794
1847,ADAM,4.31072085098777
1848,ADAM,3.733088885491297
1849,ADAM,3.2838616854723592
1850,ADAM,3.447895287034181
1851,ADAM,3.629304148363094
1852,ADAM,3.3682371546845244
1853,ADAM,4.7342224437839295
1854,ADAM,3.544585270556651
1855,ADAM,3.517963961676591
1856,ADAM,3.3621071979481023
1857,ADAM,3.349276847887161
1858,ADAM,3.3934614254541513
1859,ADAM,3.352448584345152
1860,ADAM,3.352366650003548
1861,ADAM,3.3516902207334747
1862,ADAM,3.3244820268765833
1863,ADAM,3.3249554480382395
1864,ADAM,3.345027123271529
1865,ADAM,3.31491550886746
1866,ADAM,3.333401407323909
1867,ADAM,3.3127750202599753
1868,ADAM,3.308965547631751
1869,ADAM,3.3249681664804176
1870,ADAM,3.364208112870954
1871,ADAM,3.312523189563303
1872,ADAM,3.350205482882968
1873,ADAM,3.3210344734152772
1874,ADAM,3.295404117798997
1875,ADAM,3.3136116097080706
1876,ADAM,3.30651566899673
1877,ADAM,3.3111931634773533
1878,ADAM,3.3117646839669446
1879,ADAM,3.3472361863324673
1880,ADAM,3.329911225420769
1881,ADAM,3.3233576569703986
1882,ADAM,3.3369385229113684
1883,ADAM,3.3486894728427736
1884,ADAM,3.315163441330894
1885,ADAM,3.4924129732675993
1886,ADAM,3.535518802114581
1887,ADAM,3.2559000192757304
1888,ADAM,3.282255644036848
1889,ADAM,3.311488742461084
1890,ADAM,3.298662561893629
1891,ADAM,3.3060240923389244
1892,ADAM,3.2956537140658626
1893,ADAM,3.2681853214757832
1894,ADAM,3.280381612240816
1895,ADAM,3.2995929898822083
1896,ADAM,3.294043179219145
1897,ADAM,3.3242197482940052
1898,ADAM,3.3046068156771438
1899,ADAM,3.333667754497555
1900,ADAM,3.282654860069171
1901,ADAM,3.3796741696738217
1902,ADAM,3.2963807667063607
1903,ADAM,3.2943342063850505
1904,ADAM,3.371014993106644
1905,ADAM,3.3351512384860786
1906,ADAM,3.295413638219406
1907,ADAM,3.3023582268672516
1908,ADAM,3.2631311615198566
1909,ADAM,3.277165594395086
1910,ADAM,3.2712653907762888
1911,ADAM,3.3808640977500763
1912,ADAM,3.2778646782740735
1913,ADAM,3.516482180000468
1914,ADAM,3.243713058215107
1915,ADAM,3.377989740471531
1916,ADAM,3.450226653571231
1917,ADAM,3.446000749063112
1918,ADAM,3.8294733281356828
1919,ADAM,5.263633754529534
1920,ADAM,6.302309342410739
1921,ADAM,5.609159998510867
1922,ADAM,7.023241428591346
1923,ADAM,6.509924092485944
1924,ADAM,6.598047599463095
1925,ADAM,8.415242193985662
1926,ADAM,4.269019930439821
1927,ADAM,6.820789134648079
1928,ADAM,4.0202391008123035
1929,ADAM,3.248412527284536
1930,ADAM,3.377276611466317
1931,ADAM,3.255436399542229
1932,ADAM,3.260307731163286
1933,ADAM,3.279838528015188
1934,ADAM,3.362457436685954
1935,ADAM,3.292173351252677
1936,ADAM,3.2452050526729144
1937,ADAM,3.2072386749746813
1938,ADAM,3.2705141899238237
1939,ADAM,3.2896686129751003
1940,ADAM,3.3062165223572597
1941,ADAM,3.2817742161773626
1942,ADAM,3.3098305088612827
1943,ADAM,3.2854765784922297
1944,ADAM,3.242683258703507
1945,ADAM,3.2637374237306367
1946,ADAM,3.2286579553832366
1947,ADAM,3.3061328355799144
1948,ADAM,3.254862662960692
1949,ADAM,3.263105240724151
1950,ADAM,3.2618956664301915
1951,ADAM,3.234763592425508
1952,ADAM,3.250278969350381
1953,ADAM,3.2777639750961
1954,ADAM,3.2996662366890726
1955,ADAM,3.258332244338966
1956,ADAM,3.2754377027292882
1957,ADAM,3.292440626523548
1958,ADAM,3.2575708768619323
1959,ADAM,3.2661717529177827
1960,ADAM,3.2728075643384336
1961,ADAM,3.2284247985400687
1962,ADAM,3.244747139647472
1963,ADAM,3.247367378260248
1964,ADAM,3.2527428373805427
1965,ADAM,3.240829168856738
1966,ADAM,3.2491622327954977
1967,ADAM,3.238981808290159
1968,ADAM,3.2724979550579008
1969,ADAM,3.222083967588019
1970,ADAM,3.276722809105956
1971,ADAM,3.251605793644375
1972,ADAM,3.2354799641343437
1973,ADAM,3.244997040767787
1974,ADAM,3.221520849920677
1975,ADAM,3.2474329069145624
1976,ADAM,3.258288161726634
1977,ADAM,3.2311414292322005
1978,ADAM,3.281885558037224
1979,ADAM,3.2106135374394835
1980,ADAM,3.212532523471859
1981,ADAM,3.240987551233927
1982,ADAM,3.2537732675437763
1983,ADAM,3.2016523631763856
1984,ADAM,3.190306468279657
1985,ADAM,3.240725277203751
1986,ADAM,3.1970790470694754
1987,ADAM,3.227440046045081
1988,ADAM,3.181083397051653
1989,ADAM,3.1954821229383596
1990,ADAM,3.205915539426267
1991,ADAM,3.216756716967652
1992,ADAM,3.238898664964814
1993,ADAM,3.472471608675721
1994,ADAM,3.179317997568154
1995,ADAM,3.322915421976631
1996,ADAM,3.5952009407737173
1997,ADAM,5.347325934729697
1998,ADAM,4.332586034949818
1999,ADAM,5.736237651051153
