Epoch,Error
0,1.7976931348623157e+308
1,25
2,25
3,25
4,23
5,23
6,23
7,22
8,22
9,22
10,22
11,19
12,19
13,19
14,19
15,19
16,19
17,19
18,19
19,19
20,19
21,19
22,19
23,19
24,19
25,19
26,19
27,19
28,19
29,19
30,19
31,19
32,19
33,19
34,19
35,19
36,19
37,19
38,19
39,19
40,19
41,19
42,19
43,19
44,19
45,19
46,19
47,19
48,19
49,19
50,19
51,19
52,19
53,19
54,19
55,19
56,19
57,19
58,19
59,19
60,19
61,19
62,19
63,19
64,19
65,19
66,19
67,19
68,19
69,19
70,19
71,19
72,19
73,19
74,19
75,19
76,19
77,19
78,19
79,19
80,19
81,19
82,19
83,19
84,19
85,19
86,19
87,19
88,19
89,19
90,19
91,19
92,19
93,19
94,19
95,19
96,19
97,19
98,19
99,19
100,19
101,19
102,19
103,19
104,19
105,19
106,19
107,19
108,19
109,19
110,19
111,19
112,19
113,19
114,19
115,19
116,19
117,19
118,19
119,19
120,19
121,19
122,19
123,19
124,19
125,19
126,19
127,19
128,19
129,19
130,19
131,19
132,19
133,19
134,19
135,19
136,19
137,19
138,19
139,19
140,19
141,19
142,19
143,19
144,19
145,19
146,19
147,19
148,19
149,19
150,19
151,19
152,19
153,19
154,19
155,19
156,19
157,19
158,19
159,19
160,19
161,19
162,19
163,19
164,19
165,19
166,19
167,19
168,19
169,19
170,19
171,19
172,19
173,19
174,19
175,19
176,19
177,19
178,19
179,19
180,19
181,19
182,19
183,19
184,19
185,19
186,19
187,19
188,19
189,19
190,19
191,19
192,19
193,19
194,19
195,19
196,19
197,19
198,19
199,19
200,19
201,19
202,19
203,19
204,19
205,19
206,19
207,19
208,19
209,19
210,19
211,19
212,19
213,19
214,19
215,19
216,18
217,18
218,18
219,18
220,18
221,18
222,18
223,18
224,18
225,18
226,18
227,18
228,18
229,18
230,18
231,18
232,18
233,17
234,17
235,17
236,17
237,17
238,17
239,17
240,17
241,17
242,17
243,17
244,17
245,17
246,17
247,17
248,17
249,17
250,17
251,17
252,17
253,17
254,17
255,17
256,17
257,17
258,17
259,17
260,17
261,17
262,17
263,17
264,17
265,17
266,17
267,17
268,17
269,17
270,17
271,17
272,17
273,17
274,17
275,17
276,17
277,17
278,17
279,17
280,17
281,17
282,17
283,17
284,17
285,17
286,17
287,17
288,17
289,17
290,17
291,17
292,17
293,17
294,17
295,17
296,17
297,17
298,17
299,17
300,17
301,17
302,17
303,17
304,17
305,17
306,17
307,17
308,17
309,17
310,17
311,17
312,17
313,17
314,17
315,17
316,17
317,17
318,17
319,17
320,17
321,17
322,17
323,17
324,17
325,17
326,17
327,17
328,17
329,17
330,17
331,17
332,17
333,17
334,17
335,17
336,17
337,17
338,17
339,17
340,17
341,17
342,17
343,17
344,17
345,17
346,17
347,17
348,17
349,17
350,17
351,17
352,17
353,17
354,17
355,17
356,17
357,17
358,17
359,17
360,17
361,17
362,17
363,17
364,17
365,17
366,17
367,17
368,17
369,17
370,17
371,17
372,17
373,17
374,17
375,17
376,17
377,17
378,17
379,17
380,17
381,17
382,17
383,17
384,17
385,17
386,17
387,17
388,17
389,17
390,17
391,17
392,17
393,17
394,17
395,17
396,17
397,17
398,17
399,17
400,17
401,17
402,17
403,17
404,17
405,17
406,17
407,17
408,17
409,17
410,17
411,17
412,17
413,17
414,17
415,17
416,17
417,17
418,17
419,17
420,17
421,17
422,17
423,17
424,17
425,17
426,17
427,17
428,17
429,17
430,17
431,17
432,17
433,17
434,17
435,17
436,17
437,17
438,17
439,17
440,17
441,17
442,17
443,17
444,17
445,17
446,17
447,17
448,17
449,17
450,17
451,17
452,17
453,17
454,17
455,17
456,17
457,17
458,17
459,17
460,17
461,17
462,17
463,17
464,17
465,17
466,17
467,17
468,17
469,17
470,17
471,17
472,17
473,17
474,17
475,17
476,17
477,17
478,17
479,17
480,17
481,17
482,17
483,17
484,17
485,17
486,17
487,17
488,17
489,17
490,17
491,17
492,17
493,17
494,17
495,17
496,17
497,17
498,17
499,17
500,17
501,17
502,17
503,17
504,17
505,17
506,17
507,17
508,17
509,17
510,17
511,17
512,17
513,17
514,17
515,17
516,17
517,17
518,17
519,17
520,17
521,17
522,17
523,17
524,17
525,17
526,17
527,17
528,17
529,17
530,17
531,17
532,17
533,17
534,17
535,17
536,17
537,17
538,17
539,17
540,17
541,17
542,17
543,17
544,17
545,17
546,17
547,17
548,17
549,17
550,17
551,17
552,17
553,17
554,17
555,17
556,17
557,17
558,17
559,17
560,17
561,17
562,17
563,17
564,17
565,17
566,17
567,17
568,17
569,17
570,17
571,17
572,17
573,17
574,17
575,17
576,17
577,17
578,17
579,17
580,17
581,17
582,17
583,17
584,17
585,17
586,17
587,17
588,17
589,17
590,17
591,17
592,17
593,17
594,17
595,17
596,17
597,17
598,17
599,17
600,17
601,17
602,17
603,17
604,17
605,17
606,17
607,17
608,17
609,17
610,17
611,17
612,17
613,17
614,17
615,17
616,17
617,17
618,17
619,17
620,17
621,17
622,17
623,17
624,17
625,17
626,17
627,17
628,17
629,17
630,17
631,17
632,17
633,17
634,17
635,17
636,17
637,17
638,17
639,17
640,17
641,17
642,17
643,17
644,17
645,17
646,17
647,17
648,17
649,17
650,17
651,17
652,17
653,17
654,17
655,17
656,17
657,17
658,17
659,17
660,17
661,17
662,17
663,17
664,17
665,17
666,17
667,17
668,17
669,17
670,17
671,17
672,17
673,17
674,17
675,17
676,17
677,17
678,17
679,17
680,17
681,17
682,17
683,17
684,17
685,17
686,17
687,17
688,17
689,17
690,17
691,17
692,17
693,17
694,17
695,17
696,17
697,17
698,17
699,17
700,17
701,17
702,17
703,17
704,17
705,17
706,17
707,17
708,17
709,17
710,17
711,17
712,17
713,17
714,17
715,17
716,17
717,17
718,17
719,17
720,17
721,17
722,17
723,17
724,17
725,17
726,17
727,17
728,17
729,17
730,17
731,16
732,16
733,16
734,16
735,16
736,16
737,16
738,16
739,16
740,16
741,16
742,16
743,16
744,16
745,16
746,16
747,16
748,16
749,16
750,16
751,16
752,16
753,16
754,16
755,16
756,16
757,16
758,16
759,16
760,16
761,16
762,16
763,16
764,16
765,16
766,16
767,16
768,16
769,16
770,16
771,16
772,16
773,16
774,16
775,16
776,16
777,16
778,16
779,16
780,16
781,16
782,16
783,16
784,16
785,16
786,16
787,16
788,16
789,16
790,16
791,16
792,16
793,16
794,16
795,16
796,16
797,16
798,16
799,16
800,16
801,16
802,16
803,16
804,16
805,16
806,16
807,16
808,16
809,16
810,16
811,16
812,16
813,16
814,16
815,16
816,16
817,16
818,16
819,16
820,16
821,16
822,16
823,16
824,16
825,16
826,16
827,16
828,16
829,16
830,16
831,15
832,15
833,15
834,15
835,15
836,15
837,15
838,15
839,15
840,15
841,15
842,15
843,15
844,15
845,15
846,15
847,15
848,15
849,15
850,15
851,15
852,15
853,15
854,15
855,15
856,15
857,15
858,15
859,15
860,15
861,15
862,15
863,15
864,15
865,15
866,15
867,15
868,15
869,15
870,14
871,14
872,14
873,14
874,14
875,14
876,14
877,14
878,14
879,14
880,14
881,14
882,14
883,14
884,14
885,14
886,14
887,14
888,14
889,14
890,14
891,14
892,14
893,14
894,14
895,14
896,14
897,14
898,14
899,14
900,14
901,14
902,14
903,14
904,14
905,14
906,14
907,14
908,14
909,14
910,14
911,14
912,14
913,14
914,14
915,14
916,14
917,14
918,14
919,14
920,14
921,14
922,14
923,14
924,14
925,14
926,14
927,14
928,14
929,14
930,14
931,14
932,14
933,14
934,14
935,14
936,14
937,14
938,14
939,14
940,14
941,14
942,14
943,14
944,14
945,14
946,14
947,14
948,14
949,14
950,14
951,14
952,14
953,14
954,14
955,14
956,14
957,14
958,14
959,14
960,14
961,13
962,13
963,13
964,13
965,13
966,13
967,13
968,13
969,13
970,13
971,13
972,13
973,13
974,13
975,13
976,13
977,13
978,13
979,13
980,13
981,13
982,13
983,13
984,13
985,13
986,13
987,13
988,13
989,12
990,12
991,12
992,12
993,12
994,12
995,12
996,12
997,12
998,12
999,12
1000,12
1001,12
1002,12
1003,11
1004,11
1005,11
1006,11
1007,11
1008,11
1009,11
1010,11
1011,11
1012,11
1013,11
1014,11
1015,11
1016,11
1017,11
1018,11
1019,11
1020,11
1021,11
1022,11
1023,11
1024,11
1025,11
1026,11
1027,11
1028,11
1029,11
1030,11
1031,11
1032,11
1033,11
1034,11
1035,11
1036,11
1037,11
1038,11
1039,11
1040,11
1041,11
1042,11
1043,11
1044,11
1045,11
1046,11
1047,11
1048,11
1049,11
1050,11
1051,11
1052,11
1053,11
1054,11
1055,11
1056,11
1057,11
1058,11
1059,11
1060,11
1061,11
1062,11
1063,11
1064,11
1065,11
1066,11
1067,11
1068,11
1069,11
1070,11
1071,11
1072,11
1073,11
1074,11
1075,11
1076,11
1077,11
1078,11
1079,11
1080,11
1081,11
1082,11
1083,11
1084,9
1085,9
1086,9
1087,9
1088,9
1089,9
1090,9
1091,9
1092,9
1093,9
1094,9
1095,9
1096,9
1097,9
1098,9
1099,9
1100,9
1101,9
1102,9
1103,9
1104,9
1105,9
1106,9
1107,9
1108,9
1109,9
1110,9
1111,9
1112,9
1113,9
1114,9
1115,9
1116,9
1117,9
1118,9
1119,9
1120,9
1121,9
1122,9
1123,9
1124,9
1125,9
1126,9
1127,9
1128,9
1129,9
1130,9
1131,9
1132,9
1133,9
1134,9
1135,9
1136,9
1137,9
1138,9
1139,9
1140,9
1141,9
1142,9
1143,9
1144,9
1145,9
1146,9
1147,9
1148,9
1149,9
1150,9
1151,9
1152,9
1153,9
1154,9
1155,9
1156,9
1157,9
1158,9
1159,9
1160,9
1161,9
1162,9
1163,9
1164,9
1165,9
1166,9
1167,9
1168,9
1169,9
1170,9
1171,9
1172,9
1173,9
1174,9
1175,9
1176,9
1177,9
1178,9
1179,9
1180,8
1181,8
1182,8
1183,8
1184,8
1185,8
1186,8
1187,8
1188,8
1189,8
1190,8
1191,8
1192,8
1193,8
1194,8
1195,8
1196,8
1197,8
1198,8
1199,8
1200,8
1201,8
1202,8
1203,8
1204,8
1205,8
1206,8
1207,8
1208,8
1209,8
1210,8
1211,8
1212,8
1213,8
1214,8
1215,8
1216,8
1217,8
1218,8
1219,8
1220,8
1221,8
1222,8
1223,8
1224,8
1225,8
1226,8
1227,8
1228,8
1229,8
1230,8
1231,8
1232,8
1233,8
1234,8
1235,8
1236,8
1237,8
1238,8
1239,8
1240,8
1241,8
1242,8
1243,8
1244,8
1245,8
1246,8
1247,8
1248,8
1249,8
1250,8
1251,8
1252,8
1253,8
1254,8
1255,8
1256,8
1257,8
1258,8
1259,8
1260,8
1261,8
1262,8
1263,8
1264,8
1265,8
1266,8
1267,8
1268,8
1269,8
1270,8
1271,8
1272,8
1273,7
1274,7
1275,7
1276,7
1277,7
1278,7
1279,7
1280,7
1281,7
1282,7
1283,7
1284,7
1285,7
1286,7
1287,7
1288,7
1289,7
1290,7
1291,7
1292,7
1293,7
1294,7
1295,7
1296,7
1297,7
1298,7
1299,7
1300,7
1301,7
1302,7
1303,7
1304,7
1305,7
1306,7
1307,7
1308,7
1309,7
1310,7
1311,7
1312,6
1313,6
1314,6
1315,6
1316,6
1317,6
1318,6
1319,6
1320,6
1321,6
1322,6
1323,6
1324,6
1325,6
1326,6
1327,6
1328,6
1329,6
1330,6
1331,6
1332,6
1333,6
1334,6
1335,6
1336,6
1337,6
1338,6
1339,6
1340,6
1341,6
1342,6
1343,6
1344,6
1345,6
1346,6
1347,6
1348,6
1349,6
1350,6
1351,6
1352,6
1353,6
1354,6
1355,6
1356,6
1357,6
1358,6
1359,6
1360,6
1361,6
1362,6
1363,6
1364,6
1365,6
1366,6
1367,6
1368,6
1369,6
1370,6
1371,6
1372,6
1373,6
1374,6
1375,6
1376,6
1377,6
1378,6
1379,6
1380,6
1381,6
1382,6
1383,6
1384,6
1385,6
1386,6
1387,6
1388,6
1389,6
1390,6
1391,6
1392,6
1393,6
1394,6
1395,6
1396,6
1397,6
1398,6
1399,6
1400,6
1401,6
1402,6
1403,6
1404,6
1405,6
1406,6
1407,6
1408,6
1409,6
1410,6
1411,6
1412,6
1413,6
1414,6
1415,6
1416,6
1417,6
1418,6
1419,6
1420,6
1421,6
1422,6
1423,6
1424,6
1425,6
1426,6
1427,6
1428,6
1429,6
1430,6
1431,6
1432,6
1433,6
1434,6
1435,6
1436,6
1437,6
1438,6
1439,6
1440,6
1441,6
1442,6
1443,6
1444,6
1445,6
1446,6
1447,6
1448,6
1449,6
1450,6
1451,6
1452,6
1453,6
1454,6
1455,6
1456,6
1457,6
1458,6
1459,6
1460,6
1461,6
1462,6
1463,6
1464,6
1465,6
1466,6
1467,6
1468,6
1469,6
1470,6
1471,6
1472,6
1473,6
1474,6
1475,6
1476,6
1477,6
1478,6
1479,6
1480,6
1481,6
1482,6
1483,6
1484,6
1485,6
1486,6
1487,6
1488,6
1489,6
1490,6
1491,6
1492,6
1493,6
1494,6
1495,6
1496,6
1497,6
1498,6
1499,6
1500,6
1501,6
1502,6
1503,6
1504,6
1505,6
1506,6
1507,6
1508,6
1509,6
1510,6
1511,6
1512,6
1513,6
1514,6
1515,6
1516,6
1517,6
1518,6
1519,6
1520,6
1521,6
1522,6
1523,6
1524,6
1525,6
1526,6
1527,6
1528,6
1529,6
1530,6
1531,6
1532,6
1533,6
1534,6
1535,6
1536,6
1537,6
1538,6
1539,6
1540,6
1541,6
1542,6
1543,6
1544,6
1545,6
1546,6
1547,6
1548,6
1549,6
1550,6
1551,6
1552,6
1553,6
1554,6
1555,6
1556,6
1557,6
1558,6
1559,6
1560,6
1561,6
1562,6
1563,6
1564,6
1565,6
1566,6
1567,6
1568,6
1569,6
1570,6
1571,6
1572,6
1573,6
1574,6
1575,6
1576,6
1577,6
1578,6
1579,6
1580,6
1581,6
1582,6
1583,6
1584,6
1585,6
1586,6
1587,6
1588,6
1589,6
1590,6
1591,6
1592,6
1593,6
1594,6
1595,6
1596,6
1597,6
1598,6
1599,6
1600,6
1601,6
1602,6
1603,6
1604,6
1605,6
1606,6
1607,6
1608,6
1609,6
1610,6
1611,6
1612,6
1613,6
1614,6
1615,6
1616,6
1617,6
1618,6
1619,6
1620,6
1621,6
1622,6
1623,6
1624,6
1625,6
1626,6
1627,6
1628,6
1629,6
1630,6
1631,6
1632,6
1633,6
1634,6
1635,6
1636,6
1637,6
1638,6
1639,6
1640,6
1641,6
1642,6
1643,6
1644,6
1645,6
1646,6
1647,6
1648,6
1649,6
1650,6
1651,6
1652,6
1653,6
1654,6
1655,6
1656,6
1657,6
1658,6
1659,6
1660,6
1661,6
1662,6
1663,6
1664,6
1665,6
1666,6
1667,6
1668,6
1669,6
1670,6
1671,6
1672,6
1673,6
1674,6
1675,6
1676,6
1677,6
1678,6
1679,6
1680,6
1681,6
1682,6
1683,6
1684,6
1685,6
1686,6
1687,6
1688,6
1689,6
1690,6
1691,6
1692,6
1693,6
1694,6
1695,6
1696,6
1697,6
1698,6
1699,6
1700,6
1701,6
1702,6
1703,6
1704,6
1705,6
1706,6
1707,6
1708,6
1709,6
1710,6
1711,6
1712,6
1713,6
1714,6
1715,6
1716,6
1717,6
1718,6
1719,6
1720,6
1721,6
1722,6
1723,6
1724,6
1725,5
1726,5
1727,5
1728,5
1729,5
1730,5
1731,5
1732,5
1733,5
1734,5
1735,5
1736,5
1737,5
1738,5
1739,5
1740,5
1741,5
1742,5
1743,5
1744,5
1745,5
1746,5
1747,5
1748,5
1749,5
1750,5
1751,5
1752,5
1753,5
1754,5
1755,5
1756,5
1757,5
1758,5
1759,5
1760,5
1761,5
1762,5
1763,5
1764,5
1765,5
1766,5
1767,5
1768,5
1769,5
1770,5
1771,5
1772,5
1773,5
1774,5
1775,5
1776,5
1777,5
1778,5
1779,5
1780,5
1781,5
1782,5
1783,5
1784,5
1785,5
1786,5
1787,5
1788,5
1789,5
1790,5
1791,5
1792,5
1793,5
1794,5
1795,5
1796,5
1797,5
1798,5
1799,5
1800,5
1801,5
1802,5
1803,5
1804,5
1805,5
1806,5
1807,5
1808,5
1809,5
1810,5
1811,5
1812,5
1813,5
1814,5
1815,5
1816,5
1817,5
1818,5
1819,5
1820,5
1821,5
1822,5
1823,5
1824,5
1825,5
1826,5
1827,5
1828,5
1829,5
1830,5
1831,5
1832,5
1833,5
1834,5
1835,5
1836,5
1837,5
1838,5
1839,5
1840,5
1841,5
1842,5
1843,5
1844,5
1845,5
1846,5
1847,5
1848,5
1849,5
1850,5
1851,5
1852,5
1853,5
1854,5
1855,5
1856,5
1857,5
1858,5
1859,5
1860,5
1861,5
1862,5
1863,5
1864,5
1865,5
1866,5
1867,5
1868,5
1869,5
1870,5
1871,5
1872,5
1873,5
1874,5
1875,5
1876,5
1877,5
1878,5
1879,5
1880,5
1881,5
1882,5
1883,5
1884,5
1885,5
1886,5
1887,5
1888,5
1889,5
1890,5
1891,5
1892,5
1893,5
1894,5
1895,5
1896,5
1897,5
1898,5
1899,5
1900,5
1901,5
1902,5
1903,5
1904,5
1905,5
1906,5
1907,5
1908,5
1909,5
1910,5
1911,5
1912,5
1913,5
1914,5
1915,5
1916,5
1917,5
1918,5
1919,5
1920,5
1921,5
1922,5
1923,5
1924,5
1925,5
1926,5
1927,5
1928,5
1929,5
1930,5
1931,5
1932,5
1933,5
1934,5
1935,5
1936,5
1937,5
1938,5
1939,5
1940,5
1941,5
1942,5
1943,5
1944,5
1945,5
1946,5
1947,5
1948,5
1949,5
1950,5
1951,5
1952,5
1953,5
1954,5
1955,5
1956,5
1957,5
1958,5
1959,5
1960,5
1961,5
1962,5
1963,5
1964,5
1965,5
1966,5
1967,5
1968,5
1969,5
1970,5
1971,5
1972,5
1973,5
1974,5
1975,5
1976,5
1977,5
1978,5
1979,5
1980,5
1981,5
1982,5
1983,5
1984,5
1985,5
1986,5
1987,5
1988,5
1989,5
1990,5
1991,5
1992,5
1993,5
1994,5
1995,5
1996,5
1997,5
1998,5
1999,5
2000,5
2001,5
2002,5
2003,5
2004,5
2005,5
2006,5
2007,5
2008,5
2009,5
2010,5
2011,5
2012,5
2013,5
2014,5
2015,5
2016,5
2017,5
2018,5
2019,5
2020,5
2021,5
2022,5
2023,5
2024,5
2025,5
2026,5
2027,5
2028,5
2029,5
2030,5
2031,5
2032,5
2033,5
2034,5
2035,5
2036,5
2037,5
2038,5
2039,5
2040,5
2041,5
2042,5
2043,5
2044,5
2045,5
2046,5
2047,5
2048,5
2049,5
2050,5
2051,5
2052,5
2053,5
2054,5
2055,5
2056,5
2057,5
2058,5
2059,5
2060,5
2061,5
2062,5
2063,5
2064,5
2065,5
2066,5
2067,5
2068,5
2069,5
2070,5
2071,5
2072,5
2073,5
2074,5
2075,5
2076,5
2077,5
2078,5
2079,5
2080,5
2081,5
2082,5
2083,5
2084,5
2085,5
2086,5
2087,5
2088,5
2089,5
2090,5
2091,5
2092,5
2093,5
2094,5
2095,5
2096,5
2097,5
2098,5
2099,5
2100,5
2101,5
2102,5
2103,5
2104,5
2105,5
2106,5
2107,5
2108,5
2109,5
2110,5
2111,5
2112,5
2113,5
2114,5
2115,5
2116,5
2117,5
2118,5
2119,5
2120,5
2121,5
2122,5
2123,5
2124,5
2125,5
2126,5
2127,5
2128,5
2129,5
2130,5
2131,5
2132,5
2133,5
2134,5
2135,5
2136,5
2137,5
2138,5
2139,5
2140,5
2141,5
2142,5
2143,5
2144,5
2145,5
2146,5
2147,5
2148,5
2149,5
2150,5
2151,5
2152,5
2153,5
2154,5
2155,5
2156,5
2157,5
2158,5
2159,5
2160,5
2161,5
2162,5
2163,5
2164,5
2165,5
2166,5
2167,5
2168,5
2169,5
2170,5
2171,5
2172,5
2173,5
2174,5
2175,5
2176,5
2177,5
2178,5
2179,5
2180,5
2181,5
2182,5
2183,5
2184,5
2185,5
2186,5
2187,5
2188,5
2189,5
2190,5
2191,5
2192,5
2193,5
2194,5
2195,5
2196,5
2197,5
2198,5
2199,5
2200,5
2201,5
2202,5
2203,5
2204,5
2205,5
2206,5
2207,5
2208,5
2209,5
2210,5
2211,5
2212,5
2213,5
2214,5
2215,5
2216,5
2217,5
2218,5
2219,5
2220,5
2221,5
2222,5
2223,5
2224,5
2225,5
2226,5
2227,5
2228,5
2229,5
2230,5
2231,5
2232,5
2233,5
2234,5
2235,5
2236,5
2237,5
2238,5
2239,5
2240,5
2241,5
2242,5
2243,5
2244,5
2245,5
2246,5
2247,5
2248,5
2249,5
2250,5
2251,5
2252,5
2253,5
2254,5
2255,5
2256,5
2257,5
2258,5
2259,5
2260,5
2261,5
2262,5
2263,5
2264,5
2265,5
2266,5
2267,5
2268,5
2269,5
2270,5
2271,5
2272,5
2273,5
2274,5
2275,5
2276,5
2277,5
2278,5
2279,5
2280,5
2281,5
2282,5
2283,5
2284,5
2285,5
2286,5
2287,5
2288,5
2289,5
2290,5
2291,5
2292,5
2293,5
2294,5
2295,5
2296,5
2297,5
2298,5
2299,5
2300,5
2301,5
2302,5
2303,5
2304,5
2305,5
2306,5
2307,5
2308,5
2309,5
2310,5
2311,5
2312,5
2313,5
2314,5
2315,5
2316,5
2317,5
2318,5
2319,5
2320,5
2321,5
2322,5
2323,5
2324,5
2325,5
2326,5
2327,5
2328,5
2329,5
2330,5
2331,5
2332,5
2333,5
2334,5
2335,5
2336,5
2337,5
2338,5
2339,5
2340,5
2341,5
2342,5
2343,5
2344,5
2345,5
2346,5
2347,5
2348,5
2349,5
2350,5
2351,5
2352,5
2353,4
2354,4
2355,4
2356,4
2357,4
2358,4
2359,4
2360,4
2361,4
2362,4
2363,4
2364,4
2365,4
2366,4
2367,4
2368,4
2369,4
2370,4
2371,4
2372,4
2373,4
2374,4
2375,4
2376,4
2377,4
2378,4
2379,4
2380,4
2381,4
2382,4
2383,4
2384,4
2385,4
2386,4
2387,4
2388,4
2389,4
2390,4
2391,4
2392,4
2393,4
2394,4
2395,4
2396,4
2397,4
2398,4
2399,4
2400,4
2401,4
2402,4
2403,4
2404,4
2405,4
2406,4
2407,4
2408,4
2409,4
2410,4
2411,4
2412,4
2413,4
2414,4
2415,4
2416,4
2417,4
2418,4
2419,4
2420,4
2421,4
2422,4
2423,4
2424,4
2425,4
2426,4
2427,4
2428,4
2429,4
2430,4
2431,4
2432,4
2433,4
2434,4
2435,4
2436,4
2437,4
2438,4
2439,4
2440,4
2441,4
2442,4
2443,4
2444,4
2445,4
2446,4
2447,4
2448,4
2449,4
2450,4
2451,4
2452,4
2453,4
2454,4
2455,4
2456,4
2457,4
2458,4
2459,4
2460,4
2461,4
2462,4
2463,4
2464,4
2465,4
2466,4
2467,4
2468,4
2469,4
2470,4
2471,4
2472,4
2473,4
2474,4
2475,4
2476,4
2477,4
2478,4
2479,4
2480,4
2481,4
2482,4
2483,4
2484,4
2485,4
2486,4
2487,4
2488,4
2489,4
2490,4
2491,4
2492,4
2493,4
2494,4
2495,4
2496,4
2497,4
2498,4
2499,4
2500,4
2501,4
2502,4
2503,4
2504,4
2505,4
2506,4
2507,4
2508,4
2509,4
2510,4
2511,4
2512,4
2513,4
2514,4
2515,4
2516,4
2517,4
2518,4
2519,4
2520,4
2521,4
2522,4
2523,4
2524,4
2525,4
2526,4
2527,4
2528,4
2529,4
2530,4
2531,4
2532,4
2533,4
2534,4
2535,4
2536,4
2537,4
2538,4
2539,4
2540,4
2541,4
2542,4
2543,4
2544,4
2545,4
2546,4
2547,4
2548,4
2549,4
2550,4
2551,4
2552,4
2553,4
2554,4
2555,4
2556,4
2557,4
2558,4
2559,4
2560,4
2561,4
2562,4
2563,4
2564,4
2565,4
2566,4
2567,4
2568,4
2569,4
2570,4
2571,4
2572,4
2573,4
2574,4
2575,4
2576,4
2577,4
2578,4
2579,4
2580,4
2581,4
2582,4
2583,4
2584,4
2585,4
2586,4
2587,4
2588,4
2589,4
2590,4
2591,4
2592,4
2593,4
2594,4
2595,4
2596,4
2597,4
2598,4
2599,4
2600,4
2601,4
2602,4
2603,4
2604,4
2605,4
2606,4
2607,4
2608,4
2609,4
2610,4
2611,4
2612,4
2613,4
2614,4
2615,4
2616,4
2617,4
2618,4
2619,4
2620,4
2621,4
2622,4
2623,4
2624,4
2625,4
2626,4
2627,4
2628,4
2629,4
2630,4
2631,4
2632,4
2633,4
2634,4
2635,4
2636,4
2637,4
2638,4
2639,4
2640,4
2641,4
2642,4
2643,4
2644,4
2645,4
2646,4
2647,4
2648,4
2649,4
2650,4
2651,4
2652,4
2653,4
2654,4
2655,4
2656,4
2657,4
2658,4
2659,4
2660,4
2661,4
2662,4
2663,4
2664,4
2665,4
2666,4
2667,4
2668,4
2669,4
2670,4
2671,4
2672,4
2673,4
2674,4
2675,4
2676,4
2677,4
2678,4
2679,4
2680,4
2681,4
2682,4
2683,4
2684,4
2685,4
2686,4
2687,4
2688,4
2689,4
2690,4
2691,4
2692,4
2693,4
2694,4
2695,4
2696,4
2697,4
2698,4
2699,4
2700,4
2701,4
2702,4
2703,4
2704,4
2705,4
2706,4
2707,4
2708,4
2709,4
2710,4
2711,4
2712,4
2713,4
2714,4
2715,4
2716,4
2717,4
2718,4
2719,4
2720,4
2721,4
2722,4
2723,4
2724,4
2725,4
2726,4
2727,4
2728,4
2729,4
2730,4
2731,4
2732,4
2733,4
2734,4
2735,4
2736,4
2737,4
2738,4
2739,4
2740,4
2741,4
2742,4
2743,4
2744,4
2745,4
2746,4
2747,4
2748,4
2749,4
2750,4
2751,4
2752,4
2753,4
2754,4
2755,4
2756,4
2757,4
2758,4
2759,4
2760,4
2761,4
2762,4
2763,4
2764,4
2765,4
2766,4
2767,4
2768,4
2769,4
2770,4
2771,4
2772,4
2773,4
2774,4
2775,4
2776,4
2777,4
2778,4
2779,4
2780,4
2781,4
2782,4
2783,4
2784,4
2785,4
2786,4
2787,4
2788,4
2789,4
2790,4
2791,4
2792,4
2793,4
2794,4
2795,4
2796,4
2797,4
2798,4
2799,4
2800,4
2801,4
2802,4
2803,4
2804,4
2805,4
2806,4
2807,4
2808,4
2809,4
2810,4
2811,4
2812,4
2813,4
2814,4
2815,4
2816,4
2817,4
2818,4
2819,4
2820,4
2821,4
2822,4
2823,4
2824,4
2825,4
2826,4
2827,4
2828,4
2829,4
2830,4
2831,4
2832,4
2833,4
2834,4
2835,4
2836,4
2837,4
2838,4
2839,4
2840,4
2841,4
2842,4
2843,4
2844,4
2845,4
2846,4
2847,4
2848,4
2849,4
2850,4
2851,4
2852,4
2853,4
2854,4
2855,4
2856,4
2857,4
2858,4
2859,4
2860,4
2861,4
2862,4
2863,4
2864,4
2865,4
2866,4
2867,4
2868,4
2869,4
2870,4
2871,4
2872,4
2873,4
2874,4
2875,4
2876,4
2877,4
2878,4
2879,4
2880,4
2881,4
2882,4
2883,4
2884,4
2885,4
2886,4
2887,4
2888,4
2889,4
2890,4
2891,4
2892,4
2893,4
2894,4
2895,4
2896,4
2897,4
2898,4
2899,4
2900,4
2901,4
2902,4
2903,4
2904,4
2905,4
2906,4
2907,4
2908,4
2909,4
2910,4
2911,4
2912,4
2913,4
2914,4
2915,4
2916,4
2917,4
2918,4
2919,4
2920,4
2921,4
2922,4
2923,4
2924,4
2925,4
2926,4
2927,4
2928,4
2929,4
2930,4
2931,4
2932,4
2933,4
2934,4
2935,4
2936,4
2937,4
2938,4
2939,4
2940,4
2941,4
2942,4
2943,4
2944,4
2945,4
2946,4
2947,4
2948,4
2949,4
2950,4
2951,4
2952,4
2953,4
2954,4
2955,4
2956,4
2957,4
2958,4
2959,4
2960,4
2961,4
2962,4
2963,4
2964,4
2965,4
2966,4
2967,4
2968,4
2969,4
2970,4
2971,4
2972,4
2973,4
2974,4
2975,4
2976,4
2977,4
2978,4
2979,4
2980,4
2981,4
2982,4
2983,4
2984,4
2985,4
2986,4
2987,4
2988,4
2989,4
2990,4
2991,4
2992,4
2993,4
2994,4
2995,4
2996,4
2997,4
2998,4
2999,4
3000,4
3001,4
3002,4
3003,4
3004,4
3005,4
3006,4
3007,4
3008,4
3009,4
3010,4
3011,4
3012,4
3013,4
3014,4
3015,4
3016,4
3017,4
3018,4
3019,4
3020,4
3021,4
3022,4
3023,4
3024,4
3025,4
3026,4
3027,4
3028,4
3029,4
3030,4
3031,4
3032,4
3033,4
3034,4
3035,4
3036,4
3037,4
3038,4
3039,4
3040,4
3041,4
3042,4
3043,4
3044,4
3045,4
3046,4
3047,4
3048,4
3049,4
3050,4
3051,4
3052,4
3053,4
3054,4
3055,4
3056,4
3057,4
3058,4
3059,4
3060,4
3061,4
3062,4
3063,4
3064,4
3065,4
3066,4
3067,4
3068,4
3069,4
3070,4
3071,4
3072,4
3073,4
3074,4
3075,4
3076,4
3077,4
3078,4
3079,4
3080,4
3081,4
3082,4
3083,4
3084,4
3085,4
3086,4
3087,4
3088,4
3089,4
3090,4
3091,4
3092,4
3093,4
3094,4
3095,4
3096,4
3097,4
3098,4
3099,4
3100,4
3101,4
3102,4
3103,4
3104,4
3105,4
3106,4
3107,4
3108,4
3109,4
3110,4
3111,4
3112,4
3113,4
3114,4
3115,4
3116,4
3117,4
3118,4
3119,4
3120,4
3121,4
3122,4
3123,4
3124,4
3125,4
3126,4
3127,4
3128,4
3129,4
3130,4
3131,4
3132,4
3133,4
3134,4
3135,4
3136,4
3137,4
3138,4
3139,4
3140,4
3141,4
3142,4
3143,4
3144,4
3145,4
3146,4
3147,4
3148,4
3149,4
3150,4
3151,4
3152,4
3153,4
3154,4
3155,4
3156,4
3157,4
3158,4
3159,4
3160,4
3161,4
3162,4
3163,4
3164,4
3165,4
3166,4
3167,4
3168,4
3169,4
3170,4
3171,4
3172,4
3173,4
3174,4
3175,4
3176,4
3177,4
3178,4
3179,4
3180,4
3181,4
3182,4
3183,4
3184,4
3185,4
3186,4
3187,4
3188,4
3189,4
3190,4
3191,4
3192,4
3193,4
3194,4
3195,4
3196,4
3197,4
3198,4
3199,4
3200,4
3201,4
3202,4
3203,4
3204,4
3205,4
3206,4
3207,4
3208,4
3209,4
3210,4
3211,4
3212,4
3213,4
3214,4
3215,4
3216,4
3217,4
3218,4
3219,4
3220,4
3221,4
3222,4
3223,4
3224,4
3225,4
3226,4
3227,4
3228,4
3229,4
3230,4
3231,4
3232,4
3233,4
3234,4
3235,4
3236,4
3237,4
3238,4
3239,4
3240,4
3241,4
3242,4
3243,4
3244,4
3245,4
3246,4
3247,4
3248,4
3249,4
3250,4
3251,4
3252,4
3253,4
3254,4
3255,4
3256,4
3257,4
3258,4
3259,4
3260,4
3261,4
3262,4
3263,4
3264,4
3265,4
3266,4
3267,4
3268,4
3269,4
3270,4
3271,4
3272,4
3273,4
3274,4
3275,4
3276,4
3277,4
3278,4
3279,4
3280,4
3281,4
3282,4
3283,4
3284,4
3285,4
3286,4
3287,4
3288,4
3289,4
3290,4
3291,4
3292,4
3293,4
3294,4
3295,4
3296,4
3297,4
3298,4
3299,4
3300,4
3301,4
3302,4
3303,4
3304,4
3305,4
3306,4
3307,4
3308,4
3309,4
3310,4
3311,4
3312,4
3313,4
3314,4
3315,4
3316,4
3317,4
3318,4
3319,4
3320,4
3321,4
3322,4
3323,4
3324,4
3325,4
3326,4
3327,4
3328,4
3329,4
3330,4
3331,4
3332,4
3333,4
3334,4
3335,4
3336,4
3337,4
3338,4
3339,4
3340,4
3341,4
3342,4
3343,4
3344,4
3345,4
3346,4
3347,4
3348,4
3349,4
3350,4
3351,4
3352,4
3353,4
3354,4
3355,4
3356,4
3357,4
3358,4
3359,4
3360,4
3361,4
3362,4
3363,4
3364,4
3365,4
3366,4
3367,4
3368,4
3369,4
3370,4
3371,4
3372,4
3373,4
3374,4
3375,4
3376,4
3377,4
3378,4
3379,4
3380,4
3381,4
3382,4
3383,4
3384,4
3385,4
3386,4
3387,4
3388,4
3389,4
3390,4
3391,4
3392,4
3393,4
3394,4
3395,4
3396,4
3397,4
3398,4
3399,4
3400,4
3401,4
3402,4
3403,4
3404,4
3405,4
3406,4
3407,4
3408,4
3409,4
3410,4
3411,4
3412,4
3413,4
3414,4
3415,4
3416,4
3417,4
3418,4
3419,4
3420,4
3421,4
3422,4
3423,4
3424,4
3425,4
3426,4
3427,4
3428,4
3429,4
3430,4
3431,4
3432,4
3433,4
3434,4
3435,4
3436,4
3437,4
3438,4
3439,4
3440,4
3441,4
3442,4
3443,4
3444,4
3445,4
3446,4
3447,4
3448,4
3449,4
3450,4
3451,4
3452,4
3453,4
3454,4
3455,4
3456,4
3457,4
3458,4
3459,4
3460,4
3461,4
3462,4
3463,4
3464,4
3465,4
3466,4
3467,4
3468,4
3469,4
3470,4
3471,4
3472,4
3473,4
3474,4
3475,4
3476,4
3477,4
3478,4
3479,4
3480,4
3481,4
3482,4
3483,4
3484,4
3485,4
3486,4
3487,4
3488,4
3489,4
3490,4
3491,4
3492,4
3493,4
3494,4
3495,4
3496,4
3497,4
3498,4
3499,4
3500,4
3501,4
3502,4
3503,4
3504,4
3505,4
3506,4
3507,4
3508,4
3509,4
3510,4
3511,4
3512,4
3513,4
3514,4
3515,4
3516,4
3517,4
3518,4
3519,4
3520,4
3521,4
3522,4
3523,4
3524,4
3525,4
3526,4
3527,4
3528,4
3529,4
3530,4
3531,4
3532,4
3533,4
3534,4
3535,4
3536,4
3537,4
3538,4
3539,4
3540,4
3541,4
3542,4
3543,4
3544,4
3545,4
3546,4
3547,4
3548,4
3549,4
3550,4
3551,4
3552,4
3553,4
3554,4
3555,4
3556,4
3557,4
3558,4
3559,4
3560,4
3561,4
3562,4
3563,4
3564,4
3565,4
3566,4
3567,4
3568,4
3569,4
3570,4
3571,4
3572,4
3573,4
3574,4
3575,4
3576,4
3577,4
3578,4
3579,4
3580,4
3581,4
3582,4
3583,4
3584,4
3585,4
3586,4
3587,4
3588,4
3589,4
3590,4
3591,4
3592,4
3593,4
3594,4
3595,4
3596,4
3597,4
3598,4
3599,4
3600,4
3601,4
3602,4
3603,4
3604,4
3605,4
3606,4
3607,4
3608,4
3609,4
3610,4
3611,4
3612,4
3613,4
3614,4
3615,4
3616,4
3617,4
3618,4
3619,4
3620,4
3621,4
3622,4
3623,4
3624,4
3625,4
3626,4
3627,4
3628,4
3629,4
3630,4
3631,4
3632,4
3633,4
3634,4
3635,4
3636,4
3637,4
3638,4
3639,4
3640,4
3641,4
3642,4
3643,4
3644,4
3645,4
3646,4
3647,4
3648,4
3649,4
3650,4
3651,4
3652,4
3653,4
3654,4
3655,4
3656,4
3657,4
3658,4
3659,4
3660,4
3661,4
3662,4
3663,4
3664,4
3665,4
3666,4
3667,4
3668,4
3669,4
3670,4
3671,4
3672,4
3673,4
3674,4
3675,4
3676,4
3677,4
3678,4
3679,4
3680,4
3681,4
3682,4
3683,4
3684,4
3685,4
3686,4
3687,4
3688,4
3689,4
3690,4
3691,4
3692,4
3693,4
3694,4
3695,4
3696,4
3697,4
3698,4
3699,4
3700,4
3701,4
3702,4
3703,4
3704,4
3705,4
3706,4
3707,4
3708,4
3709,4
3710,4
3711,4
3712,4
3713,4
3714,4
3715,4
3716,4
3717,4
3718,4
3719,4
3720,4
3721,4
3722,4
3723,4
3724,4
3725,4
3726,4
3727,4
3728,4
3729,4
3730,4
3731,4
3732,4
3733,4
3734,4
3735,4
3736,4
3737,4
3738,4
3739,4
3740,4
3741,4
3742,4
3743,4
3744,4
3745,4
3746,4
3747,4
3748,4
3749,4
3750,4
3751,4
3752,4
3753,4
3754,4
3755,4
3756,4
3757,4
3758,4
3759,4
3760,4
3761,4
3762,4
3763,4
3764,4
3765,4
3766,4
3767,4
3768,4
3769,4
3770,4
3771,4
3772,4
3773,4
3774,4
3775,4
3776,4
3777,4
3778,4
3779,4
3780,4
3781,4
3782,4
3783,4
3784,4
3785,4
3786,4
3787,4
3788,4
3789,4
3790,4
3791,4
3792,4
3793,4
3794,4
3795,4
3796,4
3797,4
3798,4
3799,4
3800,4
3801,4
3802,4
3803,4
3804,4
3805,4
3806,4
3807,4
3808,4
3809,4
3810,4
3811,4
3812,4
3813,4
3814,4
3815,4
3816,4
3817,4
3818,4
3819,4
3820,4
3821,4
3822,4
3823,4
3824,4
3825,4
3826,4
3827,4
3828,4
3829,4
3830,4
3831,4
3832,4
3833,4
3834,4
3835,4
3836,4
3837,4
3838,4
3839,4
3840,4
3841,4
3842,4
3843,4
3844,4
3845,4
3846,4
3847,4
3848,4
3849,4
3850,4
3851,4
3852,4
3853,4
3854,4
3855,4
3856,4
3857,4
3858,4
3859,4
3860,4
3861,4
3862,4
3863,4
3864,4
3865,4
3866,4
3867,4
3868,4
3869,4
3870,4
3871,4
3872,4
3873,4
3874,4
3875,4
3876,4
3877,4
3878,4
3879,4
3880,4
3881,4
3882,4
3883,4
3884,4
3885,4
3886,4
3887,4
3888,4
3889,4
3890,4
3891,4
3892,4
3893,4
3894,4
3895,4
3896,4
3897,4
3898,4
3899,4
3900,4
3901,4
3902,4
3903,4
3904,4
3905,4
3906,4
3907,4
3908,4
3909,4
3910,4
3911,4
3912,4
3913,4
3914,4
3915,4
3916,4
3917,4
3918,4
3919,4
3920,4
3921,4
3922,4
3923,4
3924,4
3925,4
3926,4
3927,4
3928,4
3929,4
3930,4
3931,4
3932,4
3933,4
3934,4
3935,4
3936,4
3937,4
3938,4
3939,4
3940,4
3941,4
3942,4
3943,4
3944,4
3945,4
3946,4
3947,4
3948,4
3949,4
3950,4
3951,4
3952,4
3953,4
3954,4
3955,4
3956,4
3957,4
3958,4
3959,4
3960,4
3961,4
3962,4
3963,4
3964,4
3965,4
3966,4
3967,4
3968,4
3969,4
3970,4
3971,4
3972,4
3973,4
3974,4
3975,4
3976,4
3977,4
3978,4
3979,4
3980,4
3981,4
3982,4
3983,4
3984,4
3985,4
3986,4
3987,4
3988,4
3989,4
3990,4
3991,4
3992,4
3993,4
3994,4
3995,4
3996,4
3997,4
3998,4
3999,4
4000,4
4001,4
4002,4
4003,4
4004,4
4005,4
4006,4
4007,4
4008,4
4009,4
4010,4
4011,4
4012,4
4013,4
4014,4
4015,4
4016,4
4017,4
4018,4
4019,4
4020,4
4021,4
4022,4
4023,4
4024,4
4025,4
4026,4
4027,4
4028,4
4029,4
4030,4
4031,4
4032,4
4033,4
4034,4
4035,4
4036,4
4037,4
4038,4
4039,4
4040,4
4041,4
4042,4
4043,4
4044,4
4045,4
4046,4
4047,4
4048,4
4049,4
4050,4
4051,4
4052,4
4053,4
4054,4
4055,4
4056,4
4057,4
4058,4
4059,4
4060,4
4061,4
4062,4
4063,4
4064,4
4065,4
4066,4
4067,4
4068,4
4069,4
4070,4
4071,4
4072,4
4073,4
4074,4
4075,4
4076,4
4077,4
4078,4
4079,4
4080,4
4081,4
4082,4
4083,4
4084,4
4085,4
4086,4
4087,4
4088,4
4089,4
4090,4
4091,4
4092,4
4093,4
4094,4
4095,4
4096,4
4097,4
4098,4
4099,4
4100,4
4101,4
4102,4
4103,4
4104,4
4105,4
4106,4
4107,4
4108,4
4109,4
4110,4
4111,4
4112,4
4113,4
4114,4
4115,4
4116,4
4117,4
4118,4
4119,4
4120,4
4121,4
4122,4
4123,4
4124,4
4125,4
4126,4
4127,4
4128,4
4129,4
4130,4
4131,4
4132,4
4133,4
4134,4
4135,4
4136,4
4137,4
4138,4
4139,4
4140,4
4141,4
4142,4
4143,4
4144,4
4145,4
4146,4
4147,4
4148,4
4149,4
4150,4
4151,4
4152,4
4153,4
4154,4
4155,4
4156,4
4157,4
4158,4
4159,4
4160,4
4161,4
4162,4
4163,4
4164,4
4165,4
4166,4
4167,4
4168,4
4169,4
4170,4
4171,4
4172,4
4173,4
4174,4
4175,4
4176,4
4177,4
4178,4
4179,4
4180,4
4181,4
4182,4
4183,4
4184,4
4185,4
4186,4
4187,4
4188,4
4189,4
4190,4
4191,4
4192,4
4193,4
4194,4
4195,4
4196,4
4197,4
4198,4
4199,4
4200,4
4201,4
4202,4
4203,4
4204,4
4205,4
4206,4
4207,4
4208,4
4209,4
4210,4
4211,4
4212,4
4213,4
4214,4
4215,4
4216,4
4217,4
4218,4
4219,4
4220,4
4221,4
4222,4
4223,4
4224,4
4225,4
4226,4
4227,4
4228,4
4229,4
4230,4
4231,4
4232,4
4233,4
4234,4
4235,4
4236,4
4237,4
4238,4
4239,4
4240,4
4241,4
4242,4
4243,4
4244,4
4245,4
4246,4
4247,4
4248,4
4249,4
4250,4
4251,4
4252,4
4253,4
4254,4
4255,4
4256,4
4257,4
4258,4
4259,4
4260,4
4261,4
4262,4
4263,4
4264,4
4265,4
4266,4
4267,4
4268,4
4269,4
4270,4
4271,4
4272,4
4273,4
4274,4
4275,4
4276,4
4277,4
4278,4
4279,4
4280,4
4281,4
4282,4
4283,4
4284,4
4285,4
4286,4
4287,4
4288,4
4289,4
4290,4
4291,4
4292,4
4293,4
4294,4
4295,4
4296,4
4297,4
4298,4
4299,4
4300,4
4301,4
4302,4
4303,4
4304,4
4305,4
4306,4
4307,4
4308,4
4309,4
4310,4
4311,4
4312,4
4313,4
4314,4
4315,4
4316,4
4317,4
4318,4
4319,4
4320,4
4321,4
4322,4
4323,4
4324,4
4325,4
4326,4
4327,4
4328,4
4329,4
4330,4
4331,4
4332,4
4333,4
4334,4
4335,4
4336,4
4337,4
4338,4
4339,4
4340,4
4341,4
4342,4
4343,4
4344,4
4345,4
4346,4
4347,4
4348,4
4349,4
4350,4
4351,4
4352,4
4353,4
4354,4
4355,4
4356,4
4357,4
4358,4
4359,4
4360,4
4361,4
4362,4
4363,4
4364,4
4365,4
4366,4
4367,4
4368,4
4369,4
4370,4
4371,4
4372,4
4373,4
4374,4
4375,4
4376,4
4377,4
4378,4
4379,4
4380,4
4381,4
4382,4
4383,4
4384,4
4385,4
4386,4
4387,4
4388,4
4389,4
4390,4
4391,4
4392,4
4393,4
4394,4
4395,4
4396,4
4397,4
4398,4
4399,4
4400,4
4401,4
4402,4
4403,4
4404,4
4405,4
4406,4
4407,4
4408,4
4409,4
4410,4
4411,4
4412,4
4413,4
4414,4
4415,4
4416,4
4417,4
4418,4
4419,4
4420,4
4421,4
4422,4
4423,4
4424,4
4425,4
4426,4
4427,4
4428,4
4429,4
4430,4
4431,4
4432,4
4433,4
4434,4
4435,4
4436,4
4437,4
4438,4
4439,4
4440,4
4441,4
4442,4
4443,4
4444,4
4445,4
4446,4
4447,4
4448,4
4449,4
4450,4
4451,4
4452,4
4453,4
4454,4
4455,4
4456,4
4457,4
4458,4
4459,4
4460,4
4461,4
4462,4
4463,4
4464,4
4465,4
4466,4
4467,4
4468,4
4469,4
4470,4
4471,4
4472,4
4473,4
4474,4
4475,4
4476,4
4477,4
4478,4
4479,4
4480,4
4481,4
4482,4
4483,4
4484,4
4485,4
4486,4
4487,4
4488,4
4489,4
4490,4
4491,4
4492,4
4493,4
4494,4
4495,4
4496,4
4497,4
4498,4
4499,4
4500,4
4501,4
4502,4
4503,4
4504,4
4505,4
4506,4
4507,4
4508,4
4509,4
4510,4
4511,4
4512,4
4513,4
4514,4
4515,4
4516,4
4517,4
4518,4
4519,4
4520,4
4521,4
4522,4
4523,4
4524,4
4525,4
4526,4
4527,4
4528,4
4529,4
4530,4
4531,4
4532,4
4533,4
4534,4
4535,4
4536,4
4537,4
4538,4
4539,4
4540,4
4541,4
4542,4
4543,4
4544,4
4545,4
4546,4
4547,4
4548,4
4549,4
4550,4
4551,4
4552,4
4553,4
4554,4
4555,4
4556,4
4557,4
4558,4
4559,4
4560,4
4561,4
4562,4
4563,4
4564,4
4565,4
4566,4
4567,4
4568,4
4569,4
4570,4
4571,4
4572,4
4573,4
4574,4
4575,4
4576,4
4577,4
4578,4
4579,4
4580,4
4581,4
4582,4
4583,4
4584,4
4585,4
4586,4
4587,4
4588,4
4589,4
4590,4
4591,4
4592,4
4593,4
4594,4
4595,4
4596,4
4597,4
4598,4
4599,4
4600,4
4601,4
4602,4
4603,4
4604,4
4605,4
4606,4
4607,4
4608,4
4609,4
4610,4
4611,4
4612,4
4613,4
4614,4
4615,4
4616,4
4617,4
4618,4
4619,4
4620,4
4621,4
4622,4
4623,4
4624,4
4625,4
4626,4
4627,4
4628,4
4629,4
4630,4
4631,4
4632,4
4633,4
4634,4
4635,4
4636,4
4637,4
4638,4
4639,4
4640,4
4641,4
4642,4
4643,4
4644,4
4645,4
4646,4
4647,4
4648,4
4649,4
4650,4
4651,4
4652,4
4653,4
4654,4
4655,4
4656,4
4657,4
4658,4
4659,4
4660,4
4661,4
4662,4
4663,4
4664,4
4665,4
4666,4
4667,4
4668,4
4669,4
4670,4
4671,4
4672,4
4673,4
4674,4
4675,4
4676,4
4677,4
4678,4
4679,4
4680,4
4681,4
4682,4
4683,4
4684,4
4685,4
4686,4
4687,4
4688,4
4689,4
4690,4
4691,4
4692,4
4693,4
4694,4
4695,4
4696,4
4697,4
4698,4
4699,4
4700,4
4701,4
4702,4
4703,4
4704,4
4705,4
4706,4
4707,4
4708,4
4709,4
4710,4
4711,4
4712,4
4713,4
4714,4
4715,4
4716,4
4717,4
4718,4
4719,4
4720,4
4721,4
4722,4
4723,4
4724,4
4725,4
4726,4
4727,4
4728,4
4729,4
4730,4
4731,4
4732,4
4733,4
4734,4
4735,4
4736,4
4737,4
4738,4
4739,4
4740,4
4741,4
4742,4
4743,4
4744,4
4745,4
4746,4
4747,4
4748,4
4749,4
4750,4
4751,4
4752,4
4753,4
4754,4
4755,4
4756,4
4757,4
4758,4
4759,4
4760,4
4761,4
4762,4
4763,4
Epoch,Error
0,1.7976931348623157e+308
1,25
2,25
3,25
4,25
5,22
6,21
7,21
8,21
9,19
10,19
11,19
12,19
13,19
14,19
15,19
16,19
17,19
18,19
19,18
20,18
21,17
22,17
23,17
24,17
25,17
26,17
27,17
28,17
29,17
30,17
31,17
32,17
33,17
34,16
35,16
36,16
37,16
38,16
39,16
40,16
41,16
42,16
43,16
44,16
45,16
46,16
47,16
48,16
49,16
50,16
51,16
52,16
53,16
54,16
55,16
56,16
57,16
58,16
59,16
60,16
61,16
62,16
63,16
64,16
65,16
66,16
67,16
68,16
69,16
70,16
71,16
72,16
73,16
74,16
75,16
76,16
77,16
78,16
79,16
80,16
81,16
82,16
83,16
84,16
85,16
86,16
87,16
88,16
89,16
90,16
91,16
92,16
93,16
94,16
95,16
96,16
97,16
98,15
99,15
100,15
101,15
102,15
103,15
104,15
105,15
106,15
107,15
108,15
109,15
110,15
111,15
112,15
113,14
114,14
115,14
116,14
117,14
118,14
119,14
120,14
121,14
122,14
123,13
124,13
125,13
126,13
127,13
128,13
129,13
130,13
131,13
132,13
133,13
134,13
135,13
136,13
137,13
138,13
139,13
140,13
141,13
142,13
143,13
144,13
145,13
146,13
147,13
148,13
149,13
150,13
151,13
152,13
153,13
154,12
155,12
156,12
157,12
158,12
159,12
160,12
161,12
162,12
163,12
164,12
165,12
166,12
167,12
168,12
169,12
170,12
171,12
172,12
173,12
174,12
175,12
176,12
177,12
178,12
179,12
180,12
181,12
182,12
183,12
184,11
185,11
186,11
187,11
188,11
189,11
190,11
191,11
192,11
193,11
194,11
195,11
196,11
197,11
198,11
199,11
200,11
201,11
202,11
203,11
204,11
205,11
206,11
207,11
208,11
209,11
210,11
211,11
212,11
213,11
214,11
215,11
216,11
217,11
218,11
219,11
220,11
221,11
222,11
223,11
224,11
225,11
226,11
227,11
228,11
229,11
230,11
231,11
232,11
233,11
234,11
235,11
236,11
237,11
238,11
239,11
240,11
241,11
242,11
243,11
244,11
245,11
246,11
247,11
248,11
249,11
250,11
251,11
252,11
253,11
254,11
255,11
256,11
257,11
258,11
259,11
260,11
261,11
262,11
263,11
264,11
265,11
266,11
267,11
268,11
269,11
270,11
271,11
272,11
273,11
274,11
275,11
276,11
277,11
278,11
279,11
280,11
281,11
282,11
283,11
284,11
285,11
286,11
287,11
288,11
289,11
290,11
291,11
292,11
293,11
294,11
295,11
296,11
297,11
298,11
299,11
300,11
301,11
302,11
303,11
304,11
305,11
306,11
307,11
308,11
309,11
310,11
311,11
312,11
313,11
314,11
315,11
316,11
317,11
318,11
319,11
320,11
321,11
322,11
323,11
324,11
325,11
326,11
327,11
328,11
329,11
330,11
331,11
332,11
333,11
334,11
335,11
336,11
337,11
338,11
339,11
340,11
341,11
342,11
343,11
344,11
345,11
346,11
347,11
348,11
349,11
350,11
351,11
352,11
353,11
354,11
355,11
356,11
357,11
358,11
359,11
360,11
361,11
362,11
363,11
364,11
365,11
366,11
367,11
368,11
369,11
370,11
371,11
372,11
373,11
374,11
375,11
376,11
377,11
378,10
379,10
380,10
381,10
382,10
383,10
384,10
385,10
386,10
387,10
388,10
389,10
390,10
391,10
392,10
393,10
394,10
395,10
396,10
397,10
398,10
399,10
400,10
401,10
402,10
403,10
404,10
405,10
406,10
407,10
408,10
409,10
410,10
411,10
412,10
413,10
414,10
415,10
416,10
417,10
418,10
419,10
420,10
421,10
422,10
423,10
424,10
425,10
426,10
427,10
428,10
429,10
430,10
431,10
432,10
433,10
434,10
435,10
436,10
437,10
438,10
439,10
440,10
441,10
442,10
443,10
444,10
445,10
446,10
447,10
448,10
449,10
450,10
451,10
452,10
453,10
454,10
455,10
456,10
457,10
458,10
459,10
460,10
461,10
462,10
463,10
464,10
465,10
466,10
467,10
468,10
469,10
470,10
471,10
472,10
473,10
474,10
475,10
476,10
477,10
478,10
479,10
480,10
481,10
482,10
483,10
484,10
485,10
486,10
487,10
488,10
489,10
490,10
491,10
492,10
493,10
494,10
495,10
496,10
497,10
498,10
499,10
500,10
501,10
502,10
503,10
504,10
505,10
506,10
507,10
508,10
509,10
510,10
511,10
512,10
513,10
514,10
515,10
516,10
517,10
518,10
519,10
520,10
521,10
522,10
523,10
524,10
525,10
526,10
527,10
528,10
529,10
530,10
531,10
532,10
533,10
534,10
535,10
536,10
537,10
538,10
539,10
540,10
541,10
542,10
543,10
544,10
545,10
546,10
547,10
548,10
549,10
550,10
551,10
552,10
553,10
554,10
555,10
556,10
557,10
558,10
559,10
560,10
561,10
562,10
563,10
564,10
565,10
566,10
567,10
568,10
569,10
570,10
571,10
572,10
573,10
574,10
575,10
576,10
577,10
578,10
579,10
580,10
581,10
582,10
583,10
584,10
585,10
586,10
587,10
588,10
589,10
590,10
591,10
592,10
593,10
594,10
595,10
596,10
597,10
598,10
599,10
600,10
601,10
602,10
603,10
604,10
605,10
606,10
607,10
608,10
609,10
610,10
611,10
612,10
613,10
614,10
615,10
616,10
617,10
618,10
619,10
620,10
621,10
622,10
623,10
624,10
625,10
626,10
627,10
628,10
629,10
630,10
631,10
632,10
633,10
634,10
635,10
636,10
637,10
638,10
639,10
640,10
641,10
642,10
643,10
644,10
645,10
646,10
647,10
648,10
649,10
650,10
651,10
652,10
653,10
654,10
655,10
656,10
657,10
658,10
659,10
660,10
661,9
662,9
663,9
664,9
665,9
666,9
667,9
668,9
669,9
670,9
671,9
672,9
673,9
674,9
675,9
676,9
677,9
678,9
679,9
680,9
681,9
682,9
683,9
684,9
685,9
686,9
687,9
688,9
689,9
690,9
691,9
692,9
693,9
694,9
695,9
696,9
697,9
698,9
699,9
700,9
701,9
702,9
703,9
704,9
705,9
706,9
707,9
708,9
709,9
710,9
711,9
712,9
713,9
714,9
715,9
716,9
717,9
718,9
719,9
720,9
721,9
722,9
723,9
724,9
725,9
726,9
727,9
728,9
729,9
730,9
731,9
732,9
733,9
734,9
735,9
736,9
737,9
738,9
739,9
740,9
741,9
742,9
743,9
744,9
745,9
746,9
747,9
748,9
749,9
750,9
751,9
752,9
753,9
754,9
755,9
756,9
757,9
758,9
759,9
760,9
761,9
762,9
763,9
764,9
765,9
766,9
767,9
768,9
769,9
770,9
771,9
772,9
773,9
774,9
775,9
776,9
777,9
778,9
779,9
780,9
781,9
782,9
783,9
784,9
785,9
786,9
787,9
788,9
789,9
790,9
791,9
792,9
793,9
794,9
795,9
796,9
797,9
798,9
799,9
800,9
801,9
802,9
803,9
804,9
805,9
806,9
807,9
808,9
809,9
810,9
811,9
812,9
813,9
814,9
815,9
816,9
817,9
818,9
819,9
820,9
821,9
822,9
823,9
824,9
825,9
826,9
827,9
828,9
829,9
830,9
831,9
832,9
833,9
834,9
835,9
836,9
837,9
838,9
839,9
840,9
841,9
842,9
843,9
844,9
845,9
846,9
847,9
848,9
849,9
850,9
851,9
852,9
853,9
854,9
855,9
856,9
857,9
858,9
859,9
860,9
861,9
862,9
863,9
864,9
865,9
866,9
867,9
868,9
869,9
870,9
871,9
872,9
873,9
874,9
875,9
876,9
877,9
878,9
879,9
880,9
881,9
882,9
883,9
884,9
885,9
886,9
887,9
888,9
889,9
890,9
891,9
892,9
893,9
894,9
895,9
896,9
897,9
898,9
899,9
900,9
901,9
902,9
903,9
904,9
905,9
906,9
907,9
908,9
909,9
910,9
911,9
912,9
913,9
914,9
915,9
916,9
917,9
918,9
919,9
920,9
921,9
922,9
923,9
924,9
925,9
926,9
927,9
928,9
929,9
930,9
931,9
932,9
933,9
934,9
935,9
936,9
937,9
938,9
939,9
940,9
941,9
942,9
943,9
944,9
945,9
946,9
947,9
948,9
949,9
950,9
951,9
952,9
953,9
954,9
955,9
956,9
957,9
958,9
959,9
960,9
961,9
962,9
963,9
964,9
965,9
966,9
967,9
968,9
969,9
970,9
971,9
972,9
973,9
974,9
975,9
976,9
977,9
978,9
979,9
980,9
981,9
982,9
983,9
984,9
985,9
986,9
987,9
988,9
989,9
990,9
991,9
992,9
993,9
994,9
995,9
996,9
997,9
998,9
999,9
1000,9
1001,9
1002,9
1003,9
1004,9
1005,9
1006,9
1007,9
1008,9
1009,9
1010,9
1011,9
1012,9
1013,9
1014,9
1015,9
1016,9
1017,9
1018,9
1019,9
1020,9
1021,9
1022,9
1023,9
1024,9
1025,9
1026,9
1027,9
1028,9
1029,9
1030,9
1031,9
1032,9
1033,9
1034,9
1035,9
1036,9
1037,9
1038,9
1039,9
1040,9
1041,9
1042,9
1043,9
1044,9
1045,9
1046,9
1047,9
1048,9
1049,9
1050,9
1051,9
1052,9
1053,9
1054,9
1055,9
1056,9
1057,9
1058,9
1059,9
1060,9
1061,9
1062,9
1063,8
1064,8
1065,8
1066,8
1067,8
1068,8
1069,8
1070,8
1071,8
1072,8
1073,8
1074,8
1075,8
1076,8
1077,8
1078,8
1079,8
1080,8
1081,8
1082,8
1083,8
1084,8
1085,8
1086,8
1087,8
1088,8
1089,8
1090,8
1091,8
1092,8
1093,8
1094,8
1095,8
1096,8
1097,8
1098,8
1099,8
1100,8
1101,8
1102,8
1103,8
1104,8
1105,8
1106,8
1107,8
1108,8
1109,8
1110,8
1111,8
1112,8
1113,8
1114,8
1115,8
1116,8
1117,8
1118,8
1119,8
1120,8
1121,8
1122,8
1123,8
1124,8
1125,8
1126,8
1127,8
1128,8
1129,8
1130,8
1131,8
1132,8
1133,8
1134,8
1135,8
1136,8
1137,8
1138,8
1139,8
1140,8
1141,8
1142,8
1143,8
1144,8
1145,8
1146,8
1147,8
1148,8
1149,8
1150,8
1151,8
1152,8
1153,8
1154,8
1155,8
1156,8
1157,8
1158,8
1159,8
1160,8
1161,8
1162,8
1163,8
1164,8
1165,8
1166,8
1167,8
1168,8
1169,8
1170,8
1171,8
1172,8
1173,8
1174,8
1175,8
1176,8
1177,8
1178,8
1179,8
1180,8
1181,8
1182,8
1183,8
1184,8
1185,8
1186,8
1187,8
1188,8
1189,8
1190,8
1191,8
1192,8
1193,8
1194,8
1195,8
1196,8
1197,8
1198,8
1199,8
1200,8
1201,8
1202,8
1203,8
1204,8
1205,8
1206,8
1207,8
1208,8
1209,8
1210,8
1211,8
1212,8
1213,8
1214,8
1215,8
1216,8
1217,8
1218,8
1219,8
1220,8
1221,8
1222,8
1223,8
1224,8
1225,8
1226,8
1227,8
1228,8
1229,8
1230,8
1231,8
1232,8
1233,8
1234,8
1235,8
1236,8
1237,8
1238,8
1239,8
1240,8
1241,8
1242,8
1243,8
1244,8
1245,8
1246,8
1247,8
1248,8
1249,8
1250,8
1251,8
1252,8
1253,8
1254,8
1255,8
1256,8
1257,8
1258,8
1259,8
1260,8
1261,8
1262,8
1263,8
1264,8
1265,8
1266,8
1267,8
1268,8
1269,8
1270,8
1271,8
1272,8
1273,8
1274,8
1275,8
1276,8
1277,8
1278,8
1279,8
1280,8
1281,8
1282,8
1283,8
1284,8
1285,8
1286,8
1287,8
1288,8
1289,8
1290,8
1291,8
1292,8
1293,8
1294,8
1295,8
1296,8
1297,8
1298,8
1299,8
1300,8
1301,8
1302,8
1303,8
1304,8
1305,8
1306,8
1307,8
1308,8
1309,8
1310,8
1311,8
1312,8
1313,8
1314,8
1315,8
1316,8
1317,8
1318,8
1319,8
1320,8
1321,8
1322,8
1323,8
1324,8
1325,7
1326,7
1327,7
1328,7
1329,7
1330,7
1331,7
1332,7
1333,7
1334,7
1335,7
1336,7
1337,7
1338,7
1339,7
1340,7
1341,7
1342,7
1343,7
1344,7
1345,7
1346,7
1347,7
1348,7
1349,7
1350,7
1351,7
1352,7
1353,7
1354,7
1355,7
1356,7
1357,7
1358,7
1359,7
1360,7
1361,7
1362,7
1363,7
1364,7
1365,7
1366,7
1367,7
1368,7
1369,7
1370,7
1371,7
1372,7
1373,7
1374,7
1375,7
1376,7
1377,7
1378,7
1379,7
1380,7
1381,7
1382,7
1383,7
1384,7
1385,7
1386,7
1387,7
1388,7
1389,7
1390,7
1391,7
1392,7
1393,7
1394,7
1395,7
1396,7
1397,7
1398,7
1399,7
1400,7
1401,7
1402,7
1403,7
1404,7
1405,7
1406,6
1407,6
1408,6
1409,6
1410,6
1411,6
1412,6
1413,6
1414,6
1415,6
1416,6
1417,6
1418,6
1419,6
1420,6
1421,6
1422,6
1423,6
1424,6
1425,6
1426,6
1427,6
1428,6
1429,6
1430,6
1431,6
1432,6
1433,6
1434,6
1435,6
1436,6
1437,6
1438,6
1439,6
1440,6
1441,6
1442,6
1443,6
1444,6
1445,6
1446,6
1447,6
1448,6
1449,6
1450,6
1451,6
1452,6
1453,6
1454,6
1455,6
1456,6
1457,6
1458,6
1459,6
1460,6
1461,6
1462,6
1463,6
1464,6
1465,6
1466,6
1467,6
1468,6
1469,6
1470,6
1471,6
1472,6
1473,6
1474,6
1475,6
1476,6
1477,6
1478,6
1479,6
1480,6
1481,6
1482,6
1483,6
1484,6
1485,6
1486,6
1487,6
1488,6
1489,6
1490,6
1491,6
1492,6
1493,6
1494,6
1495,6
1496,6
1497,6
1498,6
1499,6
1500,6
1501,6
1502,6
1503,6
1504,6
1505,6
1506,6
1507,6
1508,6
1509,6
1510,6
1511,6
1512,6
1513,6
1514,6
1515,6
1516,6
1517,6
1518,6
1519,6
1520,6
1521,6
1522,6
1523,6
1524,6
1525,6
1526,6
1527,6
1528,6
1529,6
1530,6
1531,6
1532,6
1533,6
1534,6
1535,6
1536,6
1537,6
1538,6
1539,6
1540,6
1541,6
1542,6
1543,6
1544,6
1545,6
1546,6
1547,6
1548,6
1549,6
1550,6
1551,6
1552,6
1553,6
1554,6
1555,6
1556,6
1557,6
1558,6
1559,6
1560,6
1561,6
1562,6
1563,6
1564,6
1565,6
1566,6
1567,6
1568,6
1569,6
1570,6
1571,6
1572,6
1573,6
1574,6
1575,6
1576,6
1577,6
1578,6
1579,6
1580,6
1581,6
1582,6
1583,6
1584,6
1585,6
1586,6
1587,6
1588,6
1589,6
1590,6
1591,6
1592,6
1593,6
1594,6
1595,6
1596,6
1597,6
1598,6
1599,6
1600,6
1601,6
1602,6
1603,6
1604,6
1605,6
1606,6
1607,6
1608,6
1609,6
1610,6
1611,6
1612,6
1613,6
1614,6
1615,6
1616,6
1617,6
1618,6
1619,6
1620,6
1621,6
1622,6
1623,6
1624,6
1625,6
1626,6
1627,6
1628,6
1629,6
1630,6
1631,6
1632,6
1633,6
1634,6
1635,6
1636,6
1637,6
1638,6
1639,6
1640,6
1641,6
1642,6
1643,6
1644,6
1645,6
1646,6
1647,6
1648,6
1649,6
1650,6
1651,6
1652,6
1653,6
1654,6
1655,6
1656,6
1657,6
1658,6
1659,6
1660,6
1661,6
1662,6
1663,6
1664,6
1665,6
1666,6
1667,6
1668,6
1669,6
1670,6
1671,6
1672,6
1673,6
1674,6
1675,6
1676,6
1677,6
1678,6
1679,6
1680,6
1681,6
1682,6
1683,6
1684,6
1685,6
1686,6
1687,6
1688,6
1689,6
1690,6
1691,6
1692,6
1693,6
1694,6
1695,6
1696,6
1697,6
1698,6
1699,6
1700,6
1701,6
1702,6
1703,6
1704,6
1705,6
1706,6
1707,6
1708,6
1709,6
1710,6
1711,6
1712,6
1713,6
1714,6
1715,6
1716,6
1717,6
1718,6
1719,6
1720,6
1721,6
1722,6
1723,6
1724,6
1725,6
1726,6
1727,6
1728,6
1729,6
1730,6
1731,6
1732,6
1733,6
1734,6
1735,6
1736,6
1737,6
1738,6
1739,6
1740,6
1741,6
1742,6
1743,6
1744,6
1745,6
1746,6
1747,6
1748,6
1749,6
1750,6
1751,6
1752,6
1753,6
1754,6
1755,6
1756,6
1757,6
1758,6
1759,6
1760,6
1761,6
1762,6
1763,6
1764,6
1765,6
1766,6
1767,6
1768,6
1769,5
1770,5
1771,5
1772,5
1773,5
1774,5
1775,5
1776,5
1777,5
1778,5
1779,5
1780,5
1781,5
1782,5
1783,5
1784,5
1785,5
1786,5
1787,5
1788,5
1789,5
1790,5
1791,5
1792,5
1793,5
1794,5
1795,5
1796,5
1797,5
1798,5
1799,5
1800,5
1801,5
1802,5
1803,5
1804,5
1805,5
1806,5
1807,5
1808,5
1809,5
1810,5
1811,5
1812,5
1813,5
1814,5
1815,5
1816,5
1817,5
1818,5
1819,5
1820,5
1821,5
1822,5
1823,5
1824,5
1825,5
1826,5
1827,5
1828,5
1829,5
1830,5
1831,5
1832,5
1833,5
1834,5
1835,5
1836,5
1837,5
1838,5
1839,5
1840,5
1841,5
1842,5
1843,5
1844,5
1845,5
1846,5
1847,5
1848,5
1849,5
1850,5
1851,5
1852,5
1853,5
1854,5
1855,5
1856,5
1857,5
1858,5
1859,5
1860,5
1861,5
1862,5
1863,5
1864,5
1865,5
1866,5
1867,5
1868,5
1869,5
1870,5
1871,5
1872,5
1873,5
1874,5
1875,5
1876,5
1877,5
1878,5
1879,5
1880,5
1881,5
1882,5
1883,5
1884,5
1885,5
1886,5
1887,5
1888,5
1889,5
1890,5
1891,5
1892,5
1893,5
1894,5
1895,5
1896,5
1897,5
1898,5
1899,5
1900,5
1901,5
1902,5
1903,5
1904,5
1905,5
1906,5
1907,5
1908,5
1909,5
1910,5
1911,5
1912,5
1913,5
1914,5
1915,5
1916,5
1917,5
1918,5
1919,5
1920,5
1921,5
1922,5
1923,5
1924,5
1925,5
1926,5
1927,5
1928,5
1929,5
1930,5
1931,5
1932,5
1933,5
1934,5
1935,5
1936,5
1937,5
1938,5
1939,5
1940,5
1941,5
1942,5
1943,5
1944,5
1945,5
1946,5
1947,5
1948,5
1949,5
1950,5
1951,5
1952,5
1953,5
1954,5
1955,5
1956,5
1957,5
1958,5
1959,5
1960,5
1961,5
1962,5
1963,5
1964,5
1965,5
1966,5
1967,5
1968,5
1969,5
1970,5
1971,5
1972,5
1973,5
1974,5
1975,5
1976,5
1977,5
1978,5
1979,5
1980,5
1981,5
1982,5
1983,5
1984,5
1985,5
1986,5
1987,4
1988,4
1989,4
1990,4
1991,4
1992,4
1993,4
1994,4
1995,4
1996,4
1997,4
1998,4
1999,4
2000,4
2001,4
2002,4
2003,4
2004,4
2005,4
2006,4
2007,4
2008,4
2009,4
2010,4
2011,4
2012,4
2013,4
2014,4
2015,4
2016,4
2017,4
2018,4
2019,4
2020,4
2021,4
2022,4
2023,4
2024,4
2025,4
2026,4
2027,4
2028,4
2029,4
2030,4
2031,4
2032,4
2033,4
2034,4
2035,4
2036,4
2037,4
2038,4
2039,4
2040,4
2041,4
2042,4
2043,4
2044,4
2045,4
2046,4
2047,4
2048,4
2049,4
2050,4
2051,4
2052,4
2053,4
2054,4
2055,4
2056,4
2057,4
2058,4
2059,4
2060,4
2061,4
2062,4
2063,4
2064,4
2065,4
2066,4
2067,4
2068,4
2069,4
2070,4
2071,4
2072,4
2073,4
2074,4
2075,4
2076,4
2077,4
2078,4
2079,4
2080,4
2081,4
2082,4
2083,4
2084,4
2085,4
2086,4
2087,4
2088,4
2089,4
2090,4
2091,4
2092,4
2093,4
2094,4
2095,4
2096,4
2097,4
2098,4
2099,4
2100,4
2101,4
2102,4
2103,4
2104,4
2105,4
2106,4
2107,4
2108,4
2109,4
2110,4
2111,4
2112,4
2113,4
2114,4
2115,4
2116,4
2117,4
2118,4
2119,4
2120,4
2121,4
2122,4
2123,4
2124,4
2125,4
2126,4
2127,4
2128,4
2129,4
2130,4
2131,4
2132,4
2133,4
2134,4
2135,4
2136,4
2137,4
2138,4
2139,4
2140,4
2141,4
2142,4
2143,4
2144,4
2145,4
2146,4
2147,4
2148,4
2149,4
2150,4
2151,4
2152,4
2153,4
2154,4
2155,4
2156,4
2157,4
2158,4
2159,4
2160,4
2161,4
2162,4
2163,4
2164,4
2165,4
2166,4
2167,4
2168,4
2169,4
2170,4
2171,4
2172,4
2173,4
2174,4
2175,4
2176,4
2177,4
2178,4
2179,4
2180,4
2181,4
2182,4
2183,4
2184,4
2185,4
2186,4
2187,4
2188,4
2189,4
2190,4
2191,4
2192,4
2193,4
2194,4
2195,4
2196,4
2197,4
2198,4
2199,4
2200,4
2201,4
2202,4
2203,4
2204,4
2205,4
2206,4
2207,4
2208,4
2209,4
2210,4
2211,4
2212,4
2213,4
2214,4
2215,4
2216,4
2217,4
2218,4
2219,4
2220,4
2221,4
2222,4
2223,4
2224,4
2225,4
2226,4
2227,4
2228,4
2229,4
2230,4
2231,4
2232,4
2233,4
2234,4
2235,4
2236,4
2237,4
2238,4
2239,4
2240,4
2241,4
2242,4
2243,4
2244,4
2245,4
2246,4
2247,4
2248,4
2249,4
2250,4
2251,4
2252,4
2253,4
2254,4
2255,4
2256,4
2257,4
2258,4
2259,4
2260,4
2261,4
2262,4
2263,4
2264,4
2265,4
2266,4
2267,4
2268,4
2269,4
2270,4
2271,4
2272,4
2273,4
2274,4
2275,4
2276,4
2277,4
2278,4
2279,4
2280,4
2281,4
2282,4
2283,4
2284,4
2285,4
2286,4
2287,4
2288,4
2289,4
2290,4
2291,4
2292,4
2293,4
2294,4
2295,4
2296,4
2297,4
2298,4
2299,4
2300,4
2301,4
2302,4
2303,4
2304,4
2305,4
2306,4
2307,4
2308,4
2309,4
2310,4
2311,4
2312,4
2313,4
2314,4
2315,4
2316,4
2317,4
2318,4
2319,4
2320,4
2321,4
2322,4
2323,4
2324,4
2325,4
2326,4
2327,4
2328,4
2329,4
2330,4
2331,4
2332,4
2333,4
2334,4
2335,4
2336,4
2337,4
2338,4
2339,4
2340,4
2341,4
2342,4
2343,4
2344,4
2345,4
2346,4
2347,4
2348,4
2349,4
2350,4
2351,4
2352,4
2353,4
2354,4
2355,4
2356,4
2357,4
2358,4
2359,4
2360,4
2361,4
2362,4
2363,4
2364,4
2365,4
2366,4
2367,4
2368,4
2369,4
2370,4
2371,4
2372,4
2373,4
2374,4
2375,4
2376,4
2377,4
2378,4
2379,4
2380,4
2381,4
2382,4
2383,4
2384,4
2385,4
2386,4
2387,4
2388,4
2389,4
2390,4
2391,4
2392,4
2393,4
2394,4
2395,4
2396,4
2397,4
2398,4
2399,4
2400,4
2401,4
2402,4
2403,4
2404,4
2405,4
2406,4
2407,4
2408,4
2409,4
2410,4
2411,4
2412,4
2413,4
2414,4
2415,4
2416,4
2417,4
2418,4
2419,4
2420,4
2421,4
2422,4
2423,4
2424,4
2425,4
2426,4
2427,4
2428,4
2429,4
2430,4
2431,4
2432,4
Epoch,Error
0,1.7976931348623157e+308
1,25
2,25
3,25
4,25
5,23
6,23
7,23
8,23
9,23
10,22
11,19
12,19
13,19
14,19
15,19
16,19
17,19
18,19
19,19
20,19
21,19
22,19
23,19
24,19
25,19
26,19
27,19
28,19
29,19
30,19
31,19
32,19
33,19
34,19
35,19
36,19
37,19
38,19
39,19
40,19
41,19
42,19
43,19
44,19
45,19
46,19
47,19
48,19
49,19
50,19
51,19
52,19
53,19
54,19
55,19
56,19
57,19
58,19
59,19
60,19
61,19
62,19
63,19
64,19
65,19
66,19
67,19
68,19
69,19
70,19
71,19
72,19
73,19
74,19
75,19
76,19
77,19
78,19
79,19
80,19
81,19
82,19
83,19
84,19
85,19
86,19
87,19
88,19
89,19
90,19
91,19
92,19
93,19
94,19
95,19
96,19
97,19
98,19
99,19
100,19
101,19
102,19
103,19
104,19
105,19
106,19
107,19
108,19
109,19
110,19
111,19
112,19
113,19
114,19
115,19
116,19
117,19
118,19
119,19
120,19
121,19
122,19
123,19
124,19
125,19
126,19
127,19
128,19
129,19
130,19
131,19
132,19
133,19
134,19
135,19
136,19
137,19
138,19
139,19
140,19
141,19
142,19
143,19
144,19
145,19
146,19
147,19
148,19
149,19
150,19
151,19
152,19
153,19
154,19
155,19
156,19
157,19
158,19
159,19
160,19
161,19
162,19
163,19
164,19
165,19
166,19
167,19
168,18
169,18
170,18
171,18
172,18
173,18
174,18
175,18
176,18
177,18
178,18
179,18
180,18
181,18
182,18
183,18
184,18
185,18
186,18
187,18
188,18
189,18
190,18
191,18
192,18
193,18
194,18
195,18
196,18
197,18
198,18
199,18
200,18
201,18
202,18
203,18
204,18
205,18
206,18
207,18
208,18
209,18
210,18
211,18
212,18
213,18
214,18
215,18
216,18
217,18
218,18
219,18
220,18
221,18
222,18
223,18
224,18
225,18
226,18
227,18
228,18
229,18
230,18
231,18
232,18
233,18
234,18
235,18
236,18
237,18
238,18
239,18
240,18
241,18
242,18
243,18
244,18
245,18
246,18
247,18
248,18
249,18
250,18
251,18
252,18
253,18
254,18
255,18
256,18
257,18
258,18
259,18
260,18
261,18
262,18
263,18
264,18
265,18
266,18
267,18
268,18
269,18
270,18
271,18
272,18
273,18
274,18
275,17
276,17
277,17
278,17
279,17
280,17
281,17
282,17
283,17
284,17
285,17
286,17
287,17
288,17
289,17
290,17
291,17
292,17
293,17
294,17
295,17
296,17
297,17
298,17
299,17
300,17
301,17
302,17
303,17
304,17
305,17
306,17
307,17
308,17
309,17
310,17
311,17
312,17
313,17
314,17
315,17
316,17
317,15
318,15
319,15
320,15
321,15
322,15
323,15
324,15
325,15
326,15
327,15
328,15
329,15
330,15
331,15
332,15
333,15
334,15
335,15
336,15
337,15
338,15
339,15
340,15
341,15
342,15
343,15
344,15
345,15
346,15
347,15
348,15
349,15
350,15
351,15
352,15
353,15
354,15
355,15
356,15
357,15
358,15
359,15
360,15
361,15
362,15
363,15
364,15
365,15
366,15
367,15
368,15
369,15
370,15
371,15
372,15
373,15
374,15
375,15
376,15
377,15
378,15
379,15
380,15
381,15
382,15
383,15
384,15
385,15
386,15
387,15
388,15
389,15
390,15
391,15
392,15
393,15
394,15
395,15
396,15
397,15
398,12
399,12
400,12
401,12
402,12
403,12
404,12
405,12
406,12
407,12
408,12
409,12
410,12
411,12
412,12
413,12
414,12
415,12
416,12
417,12
418,12
419,12
420,12
421,12
422,12
423,12
424,12
425,12
426,12
427,12
428,12
429,12
430,12
431,12
432,12
433,12
434,12
435,12
436,12
437,12
438,12
439,12
440,12
441,12
442,12
443,12
444,12
445,12
446,11
447,11
448,11
449,11
450,11
451,11
452,11
453,11
454,11
455,11
456,11
457,11
458,11
459,11
460,11
461,11
462,11
463,11
464,11
465,11
466,11
467,11
468,11
469,11
470,11
471,11
472,11
473,11
474,11
475,11
476,11
477,11
478,11
479,11
480,11
481,11
482,11
483,11
484,11
485,11
486,11
487,11
488,11
489,11
490,11
491,11
492,11
493,11
494,11
495,11
496,11
497,11
498,11
499,11
500,11
501,11
502,11
503,11
504,11
505,11
506,11
507,11
508,11
509,11
510,11
511,11
512,11
513,11
514,11
515,11
516,11
517,11
518,11
519,11
520,11
521,11
522,11
523,11
524,11
525,11
526,11
527,11
528,11
529,11
530,11
531,11
532,11
533,11
534,11
535,11
536,11
537,11
538,11
539,11
540,11
541,11
542,11
543,11
544,11
545,11
546,11
547,11
548,10
549,10
550,10
551,10
552,10
553,10
554,10
555,10
556,10
557,10
558,10
559,10
560,10
561,10
562,10
563,10
564,10
565,10
566,10
567,10
568,10
569,10
570,10
571,10
572,10
573,10
574,10
575,10
576,10
577,10
578,10
579,10
580,10
581,10
582,10
583,10
584,10
585,10
586,10
587,10
588,10
589,10
590,10
591,10
592,10
593,10
594,10
595,10
596,10
597,10
598,10
599,10
600,10
601,10
602,10
603,10
604,10
605,10
606,10
607,10
608,10
609,10
610,10
611,10
612,10
613,10
614,10
615,9
616,9
617,9
618,9
619,9
620,9
621,9
622,9
623,9
624,9
625,9
626,9
627,9
628,9
629,9
630,9
631,9
632,9
633,9
634,9
635,9
636,9
637,9
638,9
639,9
640,9
641,9
642,9
643,9
644,9
645,9
646,9
647,9
648,9
649,9
650,9
651,9
652,9
653,9
654,9
655,9
656,9
657,9
658,9
659,9
660,9
661,9
662,9
663,9
664,9
665,9
666,9
667,9
668,9
669,9
670,9
671,9
672,9
673,9
674,9
675,9
676,9
677,9
678,9
679,9
680,9
681,9
682,9
683,9
684,9
685,9
686,9
687,9
688,9
689,9
690,9
691,9
692,9
693,9
694,9
695,9
696,9
697,9
698,9
699,9
700,9
701,9
702,9
703,9
704,9
705,9
706,9
707,9
708,9
709,9
710,9
711,9
712,9
713,9
714,9
715,9
716,9
717,9
718,9
719,9
720,9
721,9
722,9
723,9
724,9
725,9
726,9
727,9
728,9
729,9
730,9
731,9
732,9
733,9
734,9
735,9
736,9
737,9
738,9
739,9
740,9
741,9
742,9
743,9
744,9
745,9
746,9
747,9
748,9
749,9
750,9
751,9
752,9
753,9
754,9
755,9
756,9
757,9
758,9
759,9
760,9
761,9
762,9
763,9
764,9
765,9
766,9
767,9
768,9
769,9
770,9
771,9
772,9
773,9
774,9
775,9
776,9
777,9
778,9
779,9
780,9
781,9
782,9
783,8
784,8
785,8
786,8
787,8
788,8
789,8
790,8
791,8
792,8
793,8
794,8
795,8
796,8
797,8
798,8
799,8
800,8
801,8
802,8
803,8
804,8
805,8
806,8
807,8
808,8
809,7
810,7
811,7
812,7
813,7
814,7
815,7
816,7
817,7
818,7
819,7
820,7
821,7
822,7
823,7
824,7
825,7
826,7
827,7
828,7
829,7
830,7
831,7
832,7
833,7
834,7
835,7
836,7
837,7
838,7
839,7
840,7
841,7
842,7
843,7
844,7
845,7
846,7
847,7
848,7
849,7
850,7
851,7
852,7
853,7
854,7
855,7
856,7
857,7
858,7
859,7
860,7
861,7
862,7
863,7
864,7
865,7
866,7
867,7
868,7
869,7
870,7
871,7
872,7
873,7
874,7
875,7
876,7
877,7
878,7
879,7
880,7
881,7
882,7
883,7
884,7
885,7
886,7
887,7
888,7
889,7
890,7
891,7
892,7
893,7
894,7
895,7
896,7
897,7
898,7
899,7
900,7
901,7
902,7
903,7
904,7
905,7
906,7
907,7
908,7
909,7
910,7
911,7
912,7
913,7
914,7
915,7
916,7
917,7
918,7
919,7
920,7
921,7
922,7
923,7
924,7
925,7
926,6
927,6
928,6
929,6
930,6
931,6
932,6
933,6
934,6
935,6
936,6
937,6
938,6
939,6
940,6
941,6
942,6
943,6
944,6
945,6
946,6
947,6
948,6
949,6
950,6
951,6
952,6
953,6
954,6
955,6
956,6
957,6
958,6
959,6
960,6
961,6
962,6
963,6
964,6
965,6
966,6
967,6
968,6
969,6
970,6
971,6
972,6
973,6
974,6
975,6
976,6
977,6
978,6
979,6
980,6
981,6
982,6
983,6
984,6
985,6
986,6
987,6
988,6
989,6
990,6
991,6
992,6
993,6
994,6
995,6
996,6
997,6
998,6
999,6
1000,6
1001,6
1002,6
1003,6
1004,6
1005,6
1006,6
1007,6
1008,6
1009,6
1010,6
1011,6
1012,6
1013,6
1014,6
1015,6
1016,6
1017,6
1018,6
1019,6
1020,6
1021,6
1022,6
1023,6
1024,6
1025,6
1026,6
1027,6
1028,6
1029,6
1030,6
1031,6
1032,6
1033,6
1034,6
1035,6
1036,6
1037,6
1038,6
1039,6
1040,6
1041,6
1042,6
1043,6
1044,6
1045,6
1046,6
1047,6
1048,6
1049,6
1050,6
1051,6
1052,6
1053,6
1054,6
1055,6
1056,6
1057,6
1058,5
1059,5
1060,5
1061,5
1062,5
1063,5
1064,5
1065,5
1066,5
1067,5
1068,5
1069,5
1070,5
1071,5
1072,5
1073,5
1074,5
1075,5
1076,5
1077,5
1078,5
1079,5
1080,5
1081,5
1082,5
1083,5
1084,5
1085,5
1086,5
1087,5
1088,5
1089,5
1090,5
1091,5
1092,5
1093,5
1094,5
1095,5
1096,5
1097,5
1098,5
1099,5
1100,5
1101,5
1102,5
1103,5
1104,5
1105,5
1106,5
1107,5
1108,5
1109,5
1110,5
1111,5
1112,5
1113,5
1114,5
1115,5
1116,5
1117,5
1118,5
1119,5
1120,5
1121,5
1122,5
1123,5
1124,5
1125,5
1126,5
1127,5
1128,5
1129,5
1130,5
1131,5
1132,5
1133,5
1134,5
1135,5
1136,5
1137,5
1138,5
1139,5
1140,5
1141,5
1142,5
1143,5
1144,5
1145,5
1146,5
1147,5
1148,5
1149,5
1150,5
1151,5
1152,5
1153,5
1154,5
1155,5
1156,5
1157,5
1158,5
1159,5
1160,5
1161,5
1162,5
1163,5
1164,5
1165,5
1166,5
1167,5
1168,5
1169,5
1170,5
1171,5
1172,5
1173,5
1174,5
1175,5
1176,5
1177,5
1178,5
1179,5
1180,5
1181,5
1182,5
1183,5
1184,5
1185,5
1186,5
1187,5
1188,5
1189,5
1190,5
1191,5
1192,5
1193,5
1194,5
1195,5
1196,5
1197,5
1198,5
1199,5
1200,5
1201,5
1202,5
1203,5
1204,5
1205,5
1206,5
1207,5
1208,5
1209,5
1210,5
1211,5
1212,5
1213,5
1214,5
1215,5
1216,5
1217,5
1218,5
1219,5
1220,5
1221,5
